,gravity.x,gravity.y,gravity.z,userAcceleration.x,userAcceleration.y,userAcceleration.z
0,-0.13783,0.966208,-0.217811,0.2318849999999999,-0.084601,-0.190926
1,-0.13067,0.967277,-0.21748,0.136972,-0.243751,-0.104252
2,-0.127103,0.969575,-0.209203,0.057752,-0.219423,-0.019053
3,-0.128695,0.972496,-0.194132,0.01253,-0.1998059999999999,0.002924
4,-0.133789,0.975364,-0.175396,-0.0567779999999999,-0.115226,0.0570179999999999
5,-0.140416,0.97782,-0.155397,-0.100719,0.1567309999999999,0.0012519999999999
6,-0.145117,0.979823,-0.137422,-0.108866,0.2114,-0.086043
7,-0.142741,0.981676,-0.126238,-0.124303,0.2083269999999999,-0.112883
8,-0.134896,0.98404,-0.116046,-0.120414,0.132415,-0.019193
9,-0.124439,0.986588,-0.10562,-0.00787,0.016295,0.046919
10,-0.112513,0.988863,-0.0974,0.075129,-0.054461,0.061969
11,-0.099869,0.990747,-0.091891,0.080963,-0.1176849999999999,0.05025
12,-0.086199,0.992451,-0.087227,0.078249,-0.198063,0.058434
13,-0.071599,0.994204,-0.080185,0.099599,-0.223818,0.0694429999999999
14,-0.056695,0.995852,-0.07115,0.086602,-0.371874,0.05789
15,-0.041882,0.997214,-0.06171,0.0748559999999999,-0.393393,0.059909
16,-0.02783,0.998198,-0.053137,0.029462,-0.392058,0.11675
17,-0.015649,0.998791,-0.046562,-0.066413,-0.380765,0.21859
18,-0.005049,0.999224,-0.039037,-0.066087,-0.270296,0.24172
19,0.003209,0.999667,-0.025531,-0.050023,-0.0799899999999999,0.269626
20,0.006286,0.999964,-0.005361,0.023148,0.0329029999999999,0.267355
21,0.004448,0.999821,0.018288,0.1092,0.148921,0.2411579999999999
22,-0.000404,0.999151,0.0411399999999999,0.172905,0.160089,0.079526
23,-0.0094209999999999,0.997972,0.062929,0.102591,0.4127949999999999,-0.122545
24,-0.020002,0.99609,0.086024,-0.139879,0.626362,0.142217
25,-0.017417,0.995212,0.096159,-0.34469,0.75343,0.154329
26,-0.011234,0.996827,0.078775,-0.071224,-0.100327,-0.459481
27,-0.007034,0.99873,0.049838,-0.069687,0.010638,-0.478259
28,-0.009206,0.999506,0.029986,-0.09965,-0.1180359999999999,-0.186022
29,-0.014773,0.999663,0.021227,-0.075864,-0.170562,-0.10567
30,-0.020602,0.999635,0.017321,0.057009,-0.156968,-0.073367
31,-0.0256589999999999,0.999562,0.014555,0.08793,-0.075093,-0.085966
32,-0.028918,0.99953,0.009947,0.091647,-0.037097,-0.082335
33,-0.03155,0.999498,0.002045,0.043345,0.036376,-0.09729
34,-0.034082,0.999391,-0.0071719999999999,0.012201,0.0985549999999999,-0.070053
35,-0.037385,0.999201,-0.013951,0.009553,0.142507,-0.042201
36,-0.042899,0.998941,-0.016512,0.053687,0.147239,-0.013762
37,-0.0507209999999999,0.998558,-0.017455,0.113495,0.088387,0.022978
38,-0.0622159999999999,0.997861,-0.019971,0.122824,0.014087,0.033505
39,-0.075891,0.996829,-0.0238449999999999,0.101892,-0.239413,0.001995
40,-0.089807,0.995572,-0.027705,0.073663,-0.3670469999999999,-0.033635
41,-0.1024349999999999,0.994195,-0.032836,0.054186,-0.4547819999999999,-0.063386
42,-0.113527,0.992731,-0.039907,0.02344,-0.46406,-0.074366
43,-0.123026,0.991359,-0.045471,-0.0563409999999999,-0.333202,-0.045182
44,-0.129803,0.99041,-0.047273,-0.0728029999999999,-0.258888,-0.036131
45,-0.134929,0.98964,-0.049007,-0.086613,-0.250794,-0.019017
46,-0.13767,0.98911,-0.051992,-0.1598619999999999,-0.17809,0.036443
47,-0.138343,0.988833,-0.05537,-0.179864,-0.111148,0.058773
48,-0.1375299999999999,0.988713,-0.059391,-0.196149,-0.064916,0.060032
49,-0.137381,0.988412,-0.064532,-0.274881,0.0687929999999999,0.044619
50,-0.139307,0.987745,-0.070357,-0.313223,0.0982389999999999,0.048811
51,-0.143307,0.986766,-0.0758409999999999,-0.325275,0.0891769999999999,0.0606429999999999
52,-0.148588,0.985564,-0.081131,-0.298632,0.041155,0.043244
53,-0.155108,0.984096,-0.086564,-0.2575199999999999,0.037221,0.0650039999999999
54,-0.161095,0.982462,-0.0938809999999999,-0.195945,0.054831,0.116571
55,-0.165803,0.980735,-0.103272,-0.1357259999999999,0.091012,0.183396
56,-0.168053,0.979115,-0.1144049999999999,-0.047615,0.1089589999999999,0.18783
57,-0.1672539999999999,0.977787,-0.1263109999999999,0.014025,0.209285,0.081801
58,-0.163429,0.976786,-0.138477,-0.036187,0.137242,0.010776
59,-0.159827,0.97579,-0.149285,-0.231225,0.4436739999999999,-0.06797
60,-0.162632,0.973685,-0.159638,-0.258984,0.5156029999999999,-0.117263
61,-0.168341,0.970623,-0.171898,-0.179467,0.5725899999999999,-0.238731
62,-0.17435,0.967167,-0.184897,-0.043088,0.472088,-0.2295469999999999
63,-0.17692,0.964884,-0.194149,0.135462,0.230428,-0.1489599999999999
64,-0.174981,0.964864,-0.195999,0.272133,-0.010747,-0.072541
65,-0.1701359999999999,0.96703,-0.189479,0.287522,-0.131291,-0.011006
66,-0.164382,0.970182,-0.1781039999999999,0.249022,-0.142744,-0.012295
67,-0.159239,0.97309,-0.166539,0.115614,-0.114371,-0.037929
68,-0.15631,0.975118,-0.15719,-0.012879,-0.149587,-0.088003
69,-0.157059,0.976068,-0.1504,-0.0512539999999999,-0.1373839999999999,-0.0894679999999999
70,-0.161386,0.976408,-0.143451,-0.11553,-0.028165,-0.073224
71,-0.167366,0.977042,-0.131805,-0.1618119999999999,0.134133,-0.058182
72,-0.169941,0.97851,-0.1167589999999999,-0.1238819999999999,0.202154,-0.0654759999999999
73,-0.166547,0.980996,-0.099522,-0.0739929999999999,0.067847,-0.006741
74,-0.160226,0.983848,-0.079787,-0.023795,-0.077094,0.053847
75,-0.152845,0.98627,-0.062484,-0.0066849999999999,-0.1713589999999999,0.079651
76,-0.14469,0.988081,-0.052486,-0.024316,-0.212675,0.068446
77,-0.13498,0.989513,-0.0513809999999999,-0.0260459999999999,-0.235652,0.056996
78,-0.1229859999999999,0.990833,-0.055857,0.082321,-0.251209,0.062723
79,-0.107963,0.992403,-0.058946,0.193763,-0.281084,0.087174
80,-0.089801,0.994294,-0.057529,0.204791,-0.2978369999999999,0.0908539999999999
81,-0.069813,0.996166,-0.052663,0.19727,-0.311352,0.099584
82,-0.050968,0.997576,-0.047314,0.113499,-0.265551,0.190411
83,-0.037453,0.998438,-0.041391,-0.01789,-0.168909,0.273706
84,-0.030943,0.998956,-0.033525,-0.1144119999999999,-0.193017,0.277726
85,-0.0294579999999999,0.99931,-0.022484,-0.137747,-0.055142,0.2213969999999999
86,-0.030698,0.99947,-0.010534,-0.1017179999999999,0.069744,0.168905
87,-0.032639,0.999464,0.0008029999999999,-0.104019,0.138445,0.161489
88,-0.0367899999999999,0.999256,0.011329,-0.195174,0.225857,0.08355
89,-0.042762,0.998859,0.021127,-0.044396,0.402539,-0.038522
90,-0.049858,0.99822,0.032621,-0.1000289999999999,0.43577,-0.001081
91,-0.0517799999999999,0.997857,0.03992,-0.117211,0.578376,-0.012958
92,-0.038718,0.998908,0.0260329999999999,0.038748,0.2002799999999999,-0.2185219999999999
93,-0.024612,0.999688,-0.003374,0.06311,0.193366,-0.189115
94,-0.016236,0.999363,-0.031691,0.13382,0.043621,-0.135499
95,-0.0140639999999999,0.998698,-0.048967,0.066539,-0.012462,-0.078612
96,-0.018421,0.998284,-0.055539,0.094334,-0.010476,-0.08118
97,-0.0265399999999999,0.998335,-0.051156,0.171483,-0.009382,-0.093864
98,-0.035472,0.998547,-0.040506,0.19575,0.022632,-0.08721
99,-0.0434439999999999,0.998527,-0.032425,0.1343859999999999,0.092598,-0.019974
100,-0.049722,0.998328,-0.029405,0.015344,0.144754,0.024797
101,-0.0543549999999999,0.99803,-0.0312589999999999,-0.097882,0.1278099999999999,0.061746
102,-0.058403,0.997596,-0.037224,-0.105095,0.019417,0.047066
103,-0.062924,0.997034,-0.044255,-0.052371,-0.079386,0.015386
104,-0.068448,0.996269,-0.052515,-0.009417,-0.165794,-0.007208
105,-0.076249,0.994959,-0.065095,-0.052535,-0.229167,0.007676
106,-0.08868,0.992854,-0.079829,-0.103413,-0.279414,0.011607
107,-0.10534,0.990135,-0.09236,-0.130928,-0.333153,-0.024018
108,-0.124143,0.986918,-0.102846,-0.115572,-0.375086,-0.049468
109,-0.140942,0.983282,-0.115273,-0.057209,-0.3403989999999999,-0.050468
110,-0.153355,0.979646,-0.1295069999999999,0.021626,-0.266496,-0.013346
111,-0.160252,0.97665,-0.143072,0.11243,-0.180508,0.044058
112,-0.162425,0.974767,-0.153112,0.1241559999999999,-0.119726,0.105459
113,-0.163342,0.973608,-0.159382,0.032635,-0.12113,0.130573
114,-0.16537,0.972529,-0.163821,-0.022008,-0.131129,0.131976
115,-0.16908,0.970993,-0.169059,-0.1332269999999999,-0.128662,0.104179
116,-0.175074,0.968787,-0.175495,-0.26293,-0.040869,0.071353
117,-0.182449,0.966258,-0.181811,-0.312805,0.030416,0.073534
118,-0.188792,0.963976,-0.187364,-0.3195699999999999,0.087935,0.074998
119,-0.191673,0.962223,-0.193352,-0.319894,0.157634,0.073235
120,-0.192572,0.960192,-0.202349,-0.157144,0.16815,0.0521559999999999
121,-0.19044,0.957848,-0.215074,-0.05927,0.409935,-0.075362
122,-0.188186,0.954644,-0.230734,-0.005463,0.4164199999999999,-0.092431
123,-0.185087,0.951758,-0.2447389999999999,-0.012728,0.526926,-0.005612
124,-0.183033,0.949877,-0.2534369999999999,-0.063289,0.348692,0.042805
125,-0.175407,0.950417,-0.256783,0.042091,0.787589,-0.054389
126,-0.173865,0.950497,-0.257535,0.095145,0.410877,-0.119296
127,-0.168939,0.951428,-0.257377,0.16633,0.066044,-0.147606
128,-0.162573,0.953221,-0.254831,0.162146,-0.152928,-0.138388
129,-0.156495,0.955873,-0.2486239999999999,0.142594,-0.216371,-0.107333
130,-0.151179,0.95905,-0.239511,0.0797529999999999,-0.166249,0.012415
131,-0.148468,0.962489,-0.227091,0.043808,-0.153148,0.0186099999999999
132,-0.150122,0.965443,-0.213027,0.020499,-0.122304,0.017242
133,-0.156415,0.967743,-0.197499,-0.050677,0.108093,0.070591
134,-0.166735,0.969726,-0.178404,-0.112455,0.229248,0.0624529999999999
135,-0.177068,0.971545,-0.157307,-0.130366,0.2497989999999999,0.03307
136,-0.184839,0.973064,-0.137761,-0.151084,0.1059,-0.006892
137,-0.188641,0.974324,-0.122906,-0.091648,-0.077931,-0.017979
138,-0.187305,0.975639,-0.114204,-0.048809,-0.153572,-0.028801
139,-0.181021,0.977349,-0.109622,0.039007,-0.214913,0.0306579999999999
140,-0.16953,0.97973,-0.106701,0.121877,-0.189264,0.119992
141,-0.154298,0.982715,-0.102275,0.124818,-0.177249,0.116496
142,-0.136617,0.985896,-0.096647,0.152853,-0.184184,0.108457
143,-0.1188109999999999,0.988827,-0.090007,0.141562,-0.278073,0.111354
144,-0.103263,0.991088,-0.084127,0.120048,-0.305145,0.1153309999999999
145,-0.090773,0.992509,-0.081747,0.081526,-0.347749,0.144796
146,-0.079469,0.993389,-0.082827,0.07541,-0.271434,0.174013
147,-0.067824,0.994248,-0.082868,0.0588669999999999,-0.212128,0.205442
148,-0.056707,0.995407,-0.0771159999999999,0.04894,-0.155822,0.230223
149,-0.048587,0.996605,-0.066438,0.037509,-0.05024,0.238084
150,-0.046248,0.997489,-0.0536009999999999,-0.015244,-0.020454,0.1914799999999999
151,-0.048716,0.997985,-0.0406129999999999,-0.078771,0.132859,0.187341
152,-0.059204,0.997773,-0.030667,-0.106125,0.331924,0.072903
153,-0.07227,0.99715,-0.021592,-0.000194,0.325863,-0.110717
154,-0.085523,0.996309,-0.007214,-0.202685,0.77513,0.099697
155,-0.090504,0.995894,0.001239,-0.153713,0.512727,0.10542
156,-0.079212,0.996826,-0.007806,-0.026562,0.372742,-0.109595
157,-0.070053,0.9971,-0.029689,0.044373,0.210893,-0.164204
158,-0.064719,0.996541,-0.052099,0.108115,-0.139089,-0.111994
159,-0.063317,0.995831,-0.065649,0.095834,-0.12994,-0.088374
160,-0.065718,0.995469,-0.068702,0.111494,-0.105744,-0.103295
161,-0.069685,0.995563,-0.06321,0.1241589999999999,-0.02872,-0.121345
162,-0.073733,0.995825,-0.053788,0.114505,0.013345,-0.104277
163,-0.0768679999999999,0.996004,-0.0454339999999999,0.070048,0.1072369999999999,-0.049766
164,-0.079391,0.995987,-0.041292,0.0601649999999999,0.126435,-0.038725
165,-0.081874,0.99579,-0.041191,0.0648909999999999,0.124083,0.033257
166,-0.0849,0.995413,-0.044073,0.103302,0.038721,0.04299
167,-0.089431,0.994774,-0.049229,0.124984,-0.035653,0.043507
168,-0.094288,0.993986,-0.0556669999999999,0.144337,-0.2305739999999999,0.016116
169,-0.101351,0.992985,-0.060875,0.094027,-0.28455,0.002266
170,-0.112391,0.991605,-0.063929,0.006022,-0.30296,-0.014745
171,-0.127122,0.989787,-0.064502,-0.095962,-0.295817,-0.0313079999999999
172,-0.144562,0.987414,-0.064131,-0.184143,-0.263766,-0.07216
173,-0.1622029999999999,0.98452,-0.0664039999999999,-0.2130409999999999,-0.200798,-0.105608
174,-0.177422,0.981494,-0.072041,-0.163765,-0.131732,-0.0975299999999999
175,-0.18917,0.978823,-0.078225,-0.096399,-0.126665,-0.043586
176,-0.195668,0.977199,-0.082432,-0.0899,-0.125041,-0.039379
177,-0.19919,0.976464,-0.082704,-0.00598,-0.139367,0.091752
178,-0.20267,0.975979,-0.079921,-0.004896,-0.197522,0.162089
179,-0.2072,0.975257,-0.077072,-0.028945,-0.215034,0.165802
180,-0.213052,0.974154,-0.075032,-0.138709,-0.2113679999999999,0.126667
181,-0.21884,0.972999,-0.073348,-0.199678,-0.189796,0.096374
182,-0.223095,0.972006,-0.073694,-0.280049,-0.1414099999999999,0.052637
183,-0.225265,0.971211,-0.077485,-0.275406,-0.140233,0.059724
184,-0.225476,0.970656,-0.083584,-0.21384,-0.090911,0.088818
185,-0.223069,0.970574,-0.0906899999999999,-0.1645039999999999,0.0381079999999999,0.149299
186,-0.219819,0.97061,-0.097949,-0.160308,0.0714429999999999,0.169894
187,-0.21618,0.970512,-0.106637,-0.096839,0.055962,0.204507
188,-0.212984,0.969998,-0.117221,-0.007231,0.069004,0.2443719999999999
189,-0.208281,0.969488,-0.129269,0.018035,0.17576,0.261746
190,-0.20496,0.968525,-0.141243,0.037327,0.1049,0.236657
191,-0.2003599999999999,0.968218,-0.149698,-0.080752,0.505293,0.231562
192,-0.204164,0.966619,-0.154801,-0.209883,0.281733,0.205598
193,-0.203891,0.965933,-0.159379,-0.2707489999999999,0.674906,0.039429
194,-0.210127,0.962414,-0.172064,-0.3127,0.606785,-0.1633089999999999
195,-0.210759,0.958636,-0.191307,-0.261058,0.480741,-0.214119
196,-0.200318,0.957126,-0.209245,-0.148116,0.326032,-0.152114
197,-0.1797089999999999,0.958672,-0.220573,-0.086511,0.007881,-0.095071
198,-0.154044,0.961835,-0.22615,0.192877,0.002536,-0.070313
199,-0.135494,0.964466,-0.226819,0.202968,-0.135273,-0.009525
200,-0.12711,0.966438,-0.2232489999999999,0.108449,-0.155266,0.0129819999999999
201,-0.127122,0.967347,-0.2192719999999999,0.0814059999999999,-0.138718,0.0077849999999999
202,-0.132952,0.967408,-0.215511,0.056215,-0.112092,-0.052845
203,-0.142486,0.967093,-0.210782,-0.043611,0.030115,-0.012286
204,-0.154306,0.966733,-0.203999,-0.079886,0.0752289999999999,0.008183
205,-0.166158,0.966294,-0.19664,-0.138621,0.1049799999999999,0.022751
206,-0.1729369999999999,0.966095,-0.191711,-0.046714,0.073487,0.057648
207,-0.1718029999999999,0.966514,-0.1906119999999999,0.0199629999999999,0.064476,0.084518
208,-0.164725,0.967529,-0.191712,0.193671,-0.01625,0.113632
209,-0.154832,0.968728,-0.193889,0.2338579999999999,-0.059975,0.095439
210,-0.145497,0.970008,-0.194715,0.289998,-0.113349,0.057661
211,-0.138874,0.97187,-0.190217,0.277836,-0.095389,0.04944
212,-0.13539,0.974488,-0.179004,0.240813,-0.068757,0.047931
213,-0.134164,0.977707,-0.161518,0.190866,-0.034149,0.0506779999999999
214,-0.1335329999999999,0.981364,-0.138177,0.001575,-0.017329,0.075738
215,-0.13161,0.984843,-0.112971,-0.10394,-0.111598,0.073267
216,-0.128877,0.987448,-0.091299,-0.15959,-0.255866,0.084006
217,-0.125885,0.98907,-0.076758,-0.162094,-0.4153699999999999,0.080664
218,-0.122465,0.98989,-0.071543,-0.152879,-0.5175850000000001,0.097483
219,-0.1182349999999999,0.990198,-0.0743409999999999,-0.160207,-0.533274,0.142594
220,-0.113039,0.9903,-0.080794,-0.144743,-0.490452,0.202392
221,-0.107303,0.990391,-0.087245,-0.1073279999999999,-0.405003,0.269451
222,-0.102756,0.990545,-0.090895,-0.0551269999999999,-0.3019,0.346418
223,-0.1007919999999999,0.990769,-0.090647,0.006264,-0.177399,0.355403
224,-0.100762,0.990872,-0.089549,0.0848169999999999,0.004794,0.215052
225,-0.102815,0.990661,-0.089558,0.149583,0.149613,0.122074
226,-0.107648,0.990419,-0.086496,0.139997,0.26393,0.138681
227,-0.115238,0.990385,-0.076528,-0.039257,0.369554,0.223088
228,-0.124066,0.99025,-0.063333,-0.228534,0.335952,0.224939
229,-0.129341,0.990064,-0.055173,-0.231636,0.101214,0.149732
230,-0.12457,0.990535,-0.0576299999999999,-0.077777,0.024464,0.128202
231,-0.117075,0.991093,-0.063461,0.057947,0.452205,0.120331
232,-0.109891,0.992256,-0.057894,0.155774,0.860192,0.268252
233,-0.102025,0.993706,-0.046238,0.290578,0.557167,0.064472
234,-0.0938919999999999,0.994418,-0.0481269999999999,0.409856,0.325086,-0.104873
235,-0.087589,0.994455,-0.058196,0.506657,0.054511,-0.289613
236,-0.0855809999999999,0.994522,-0.060011,0.344202,-0.166519,-0.154467
237,-0.087997,0.994985,-0.047549,0.264892,-0.2549639999999999,-0.098264
238,-0.095117,0.995081,-0.027666,0.065912,-0.335901,-0.081968
239,-0.107243,0.994154,-0.012442,-0.0580559999999999,-0.29167,-0.194055
240,-0.1183559999999999,0.992901,-0.011678,-0.060782,-0.235379,-0.2493699999999999
241,-0.125919,0.991828,-0.020469,0.007725,-0.001273,-0.195519
242,-0.130863,0.990967,-0.029268,0.125447,0.118194,-0.096801
243,-0.1314799999999999,0.990782,-0.032581,0.259883,0.153291,-0.042324
244,-0.128545,0.991286,-0.0287329999999999,0.327688,0.097001,-0.025405
245,-0.127236,0.991636,-0.021596,0.258889,-0.093199,-0.026316
246,-0.131299,0.99119,-0.017342,0.197797,-0.143305,-0.050193
247,-0.141929,0.989704,-0.018433,0.069999,-0.157139,-0.107162
248,-0.155834,0.987488,-0.02411,-0.082081,-0.0439149999999999,-0.223464
249,-0.170067,0.984973,-0.030069,-0.109214,-0.032229,-0.232031
250,-0.182265,0.982799,-0.029729,-0.157518,-0.01028,-0.1149849999999999
251,-0.18944,0.981656,-0.021521,-0.129545,-0.045071,0.07128
252,-0.191234,0.981488,-0.010492,-0.124302,-0.104718,0.156931
253,-0.189138,0.981945,-0.0031149999999999,-0.073862,-0.265865,0.277483
254,-0.184889,0.982755,-0.002736,-0.0308089999999999,-0.3151219999999999,0.228596
255,-0.179948,0.983637,-0.008733,-0.026289,-0.313715,0.18813
256,-0.174775,0.984458,-0.017161,-0.02191,-0.194022,0.096583
257,-0.1696869999999999,0.985194,-0.024474,-0.027899,-0.1509039999999999,0.053938
258,-0.1648609999999999,0.985904,-0.028532,-0.098033,-0.100909,0.00421
259,-0.159596,0.986764,-0.028738,-0.206019,0.071083,0.128104
260,-0.1540119999999999,0.987696,-0.027131,-0.237056,0.125219,0.200486
261,-0.148563,0.988551,-0.0263879999999999,-0.2245599999999999,0.142492,0.32427
262,-0.142561,0.989331,-0.029989,-0.015261,0.14107,0.358099
263,-0.137281,0.989868,-0.036267,0.008497,0.168625,0.3521849999999999
264,-0.1355559999999999,0.989608,-0.047957,0.051542,0.270493,0.167189
265,-0.138738,0.988417,-0.061513,0.146321,0.5765239999999999,0.028035
266,-0.147623,0.986541,-0.070319,0.183893,0.479356,-0.041406
267,-0.15912,0.98434,-0.075861,0.360551,0.30814,-0.417257
268,-0.1691109999999999,0.982169,-0.0821269999999999,0.40959,0.239159,-0.574581
269,-0.179477,0.979892,-0.087175,0.339633,0.119794,-0.5226270000000001
270,-0.188149,0.977841,-0.091795,0.329583,0.071445,-0.3437969999999999
271,-0.194105,0.976693,-0.091612,0.328825,0.110419,-0.019518
272,-0.194917,0.977302,-0.082985,0.37468,0.079872,0.205391
273,-0.188855,0.979685,-0.0674559999999999,0.349774,-0.047205,0.168988
274,-0.178445,0.982643,-0.050691,0.292901,-0.158638,-0.04405
275,-0.165322,0.985533,-0.037308,-0.031379,-0.136656,-0.12268
276,-0.150624,0.988238,-0.026394,-0.143947,-0.093097,-0.094456
277,-0.136735,0.990454,-0.017379,-0.226805,-0.022101,-0.100891
278,-0.125743,0.991979,-0.012806,-0.189824,-0.041342,-0.094723
279,-0.119718,0.992775,-0.008004,-0.184619,-0.072899,-0.057914
280,-0.117933,0.99301,0.004626,-0.224261,-0.138838,0.093106
281,-0.11742,0.992835,0.022129,-0.185818,-0.230856,0.250195
282,-0.116216,0.992597,0.035259,-0.153392,-0.292463,0.324864
283,-0.113843,0.992712,0.0395089999999999,-0.168826,-0.346044,0.296917
284,-0.110394,0.993258,0.035357,-0.1703829999999999,-0.327181,0.238951
285,-0.106351,0.993916,0.0286009999999999,-0.202808,-0.332448,0.260446
286,-0.103557,0.994278,0.026179,-0.225209,-0.226501,0.212056
287,-0.103429,0.994294,0.026075,-0.109264,-0.073716,0.172366
288,-0.106222,0.993947,0.0280009999999999,-0.04809,0.017558,0.192718
289,-0.1118789999999999,0.993115,0.034687,0.0536059999999999,0.165576,0.274136
290,-0.118618,0.992073,0.041463,0.125332,0.249596,0.320049
291,-0.124524,0.99136,0.041204,0.133816,0.105808,0.291926
292,-0.125723,0.991557,0.031721,0.264227,0.038716,0.176058
293,-0.120485,0.992409,0.024602,0.372148,0.403862,0.245081
294,-0.111796,0.993382,0.026288,0.418314,0.679805,0.186724
295,-0.101224,0.994225,0.035611,0.398618,0.794441,-0.122708
296,-0.090575,0.994961,0.042973,0.372221,0.64722,-0.213413
297,-0.082687,0.995687,0.042069,0.495849,0.0270029999999999,-0.683441
298,-0.077926,0.996139,0.040419,0.293807,0.071153,-0.5717300000000001
299,-0.080592,0.995308,0.05354,-0.021459,0.120354,-0.387707
300,-0.0882039999999999,0.993201,0.07596,-0.251075,-0.005653,-0.280062
301,-0.096484,0.991249,0.090089,-0.27316,-0.111076,-0.259919
302,-0.103861,0.990804,0.086717,-0.1184289999999999,-0.088628,-0.203355
303,-0.1099619999999999,0.991345,0.0717039999999999,0.013924,-0.051862,-0.132068
304,-0.116381,0.991809,0.052635,0.292223,-0.036746,-0.0856389999999999
305,-0.120683,0.992166,0.032291,0.455522,-0.089471,-0.062274
306,-0.1215079999999999,0.992499,0.0135009999999999,0.49573,-0.112936,-0.043942
307,-0.123864,0.992299,-0.000204,0.396767,-0.081426,-0.044016
308,-0.132497,0.991168,-0.005503,0.1822109999999999,-0.096866,-0.054845
309,-0.148496,0.988906,-0.003689,0.081174,-0.083358,-0.069935
310,-0.169107,0.985596,-0.001667,-0.222709,-0.041718,-0.1204339999999999
311,-0.190133,0.981745,-0.005211,-0.337806,-0.0264529999999999,-0.171623
312,-0.206851,0.97828,-0.013472,-0.364072,-0.052559,-0.179216
313,-0.2168659999999999,0.975978,-0.0208639999999999,-0.310676,-0.156017,-0.080576
314,-0.222638,0.974593,-0.024512,-0.197132,-0.173095,0.012366
315,-0.228982,0.97307,-0.026503,-0.118476,-0.157625,0.045012
316,-0.239181,0.97055,-0.028725,-0.032105,-0.1238089999999999,0.142693
317,-0.251978,0.967129,-0.034172,0.035578,-0.121853,0.148308
318,-0.265076,0.963185,-0.044811,0.019668,-0.0958909999999999,0.123714
319,-0.276862,0.959137,-0.058341,-0.044076,-0.002334,0.157462
320,-0.285566,0.955883,-0.068837,-0.080874,0.138141,0.241613
321,-0.289155,0.954369,-0.074623,-0.065749,0.202797,0.295128
322,-0.284728,0.955205,-0.080703,-0.0598309999999999,0.365077,0.217575
323,-0.274645,0.956904,-0.094359,-0.024534,0.506474,-0.060045
324,-0.263498,0.95761,-0.1164109999999999,-0.168295,0.660539,-0.496138
325,-0.251636,0.957817,-0.138798,-0.168728,0.6488109999999999,-0.522655
326,-0.240896,0.958463,-0.152702,-0.077326,0.485019,-0.301613
327,-0.2321,0.960219,-0.155268,0.148649,0.15297,-0.212225
328,-0.223344,0.962315,-0.155132,0.524324,0.174861,-0.25214
329,-0.2181199999999999,0.963206,-0.157029,0.514125,0.060125,-0.24916
330,-0.212334,0.964693,-0.155824,0.366127,0.004942,-0.15927
331,-0.2122949999999999,0.966464,-0.144495,0.160079,-0.125857,-0.1161859999999999
332,-0.2197239999999999,0.968125,-0.1202319999999999,-0.1295349999999999,-0.171067,-0.027412
333,-0.229841,0.969042,-0.090172,-0.1587849999999999,-0.142259,-0.035698
334,-0.236471,0.969258,-0.067978,-0.216898,-0.039494,-0.05722
335,-0.235901,0.970099,-0.0570899999999999,-0.256546,0.07992,-0.181816
336,-0.227396,0.97257,-0.048976,-0.244604,0.073146,-0.206472
337,-0.2144599999999999,0.975958,-0.03889,-0.124025,0.026331,-0.182698
338,-0.200855,0.97919,-0.029063,0.083164,-0.03374,-0.031224
339,-0.187323,0.982032,-0.0228699999999999,0.113532,-0.066596,0.031201
340,-0.173191,0.984726,-0.0178639999999999,0.182759,-0.25267,0.138729
341,-0.158965,0.987223,-0.010995,0.237777,-0.282084,0.136011
342,-0.1448,0.98946,-0.001493,0.3398989999999999,-0.3336369999999999,0.056196
343,-0.131908,0.991219,0.009268,0.319988,-0.4483109999999999,0.076792
344,-0.118583,0.992694,0.022266,0.23635,-0.389484,0.09892
345,-0.107038,0.993544,0.037581,-0.015383,-0.188567,0.146089
346,-0.099803,0.993599,0.0529059999999999,-0.064824,0.082908,0.15913
347,-0.099776,0.992811,0.066111,-0.20157,0.010546,0.125905
348,-0.099126,0.991921,0.079161,-0.182017,0.130974,0.0881059999999999
349,-0.0993049999999999,0.990851,0.091383,0.079026,0.125711,-0.244337
350,-0.100352,0.990082,0.09832,0.2785289999999999,0.394592,-0.254905
351,-0.1026319999999999,0.989252,0.104148,0.225816,0.562552,-0.011771
352,-0.099927,0.989626,0.103216,-0.009265,0.589567,0.026239
353,-0.086064,0.992963,0.081344,0.153782,0.1788819999999999,-0.306976
354,-0.078001,0.99568,0.050368,0.147093,0.046846,-0.378203
355,-0.07689,0.996628,0.0286519999999999,0.1719369999999999,-0.2447349999999999,-0.181515
356,-0.079347,0.996597,0.022322,0.201204,-0.228958,-0.107405
357,-0.084073,0.996113,0.026271,0.228452,-0.185108,-0.084865
358,-0.086589,0.995689,0.033234,0.25941,0.017113,-0.1080329999999999
359,-0.086822,0.995508,0.037749,0.172073,0.142065,-0.0603779999999999
360,-0.087346,0.995537,0.035736,0.154775,0.160088,-0.051697
361,-0.089586,0.995563,0.028773,0.089509,0.1133079999999999,-0.050303
362,-0.093598,0.995403,0.020306,0.073304,0.049061,-0.061947
363,-0.099506,0.994968,0.011649,0.082858,0.02055,-0.077308
364,-0.107441,0.994207,0.003037,0.069339,-0.0587049999999999,-0.094162
365,-0.11782,0.993012,-0.006667,-0.054757,-0.168259,-0.06511
366,-0.131068,0.991238,-0.016324,-0.081304,-0.210248,-0.048907
367,-0.145442,0.989041,-0.025378,-0.101537,-0.28796,-0.057172
368,-0.159162,0.986658,-0.034257,-0.082202,-0.334039,-0.082442
369,-0.17089,0.9843,-0.0441509999999999,-0.049324,-0.340196,-0.0844039999999999
370,-0.180225,0.982165,-0.053557,-0.036099,-0.298938,-0.079408
371,-0.1869549999999999,0.980383,-0.0624039999999999,-0.0145069999999999,-0.25083,-0.053288
372,-0.19143,0.978967,-0.070539,-0.0226509999999999,-0.208627,0.002241
373,-0.195544,0.977778,-0.0755639999999999,-0.072492,-0.152278,0.065264
374,-0.200685,0.976576,-0.0776,-0.116453,-0.096358,0.087121
375,-0.207668,0.975034,-0.0786159999999999,-0.162632,-0.031522,0.085269
376,-0.216479,0.972968,-0.080423,-0.204022,-0.001151,0.062875
377,-0.225463,0.97055,-0.084832,-0.228303,0.011857,0.070901
378,-0.233796,0.96793,-0.091914,-0.209823,0.114803,0.122615
379,-0.239708,0.965546,-0.101288,-0.164955,0.201538,0.177429
380,-0.243355,0.963193,-0.11417,0.015053,0.388415,0.016635
381,-0.242184,0.961399,-0.1306,0.037091,0.376186,-0.072555
382,-0.238971,0.959888,-0.14665,0.0553769999999999,0.479138,-0.108492
383,-0.233775,0.959291,-0.158453,-0.058111,0.582075,-0.1096589999999999
384,-0.226265,0.95975,-0.16638,-0.149223,0.397413,-0.1078359999999999
385,-0.216272,0.960682,-0.1741089999999999,0.080164,0.463833,-0.2590719999999999
386,-0.208614,0.9605,-0.184168,0.151088,0.297709,-0.272528
387,-0.198236,0.960858,-0.193525,0.2874239999999999,-0.140988,-0.2922079999999999
388,-0.187711,0.961896,-0.198794,0.2524389999999999,-0.241284,-0.187375
389,-0.179996,0.96399,-0.195762,0.204486,-0.25055,-0.133935
390,-0.178764,0.966647,-0.183395,0.050316,-0.233356,0.008133
391,-0.183493,0.968833,-0.166406,-0.0228979999999999,-0.179587,0.02955
392,-0.191437,0.969994,-0.149869,-0.084823,-0.0075,0.040692
393,-0.200372,0.97055,-0.133716,-0.112616,0.1698609999999999,-0.035824
394,-0.202545,0.971871,-0.120165,-0.08812,0.214439,-0.1204349999999999
395,-0.195365,0.974564,-0.109791,-0.030358,0.1218559999999999,-0.089062
396,-0.185544,0.977691,-0.098442,0.058668,-0.045897,-0.034294
397,-0.176313,0.980425,-0.087618,0.123121,-0.148256,0.029756
398,-0.167838,0.982605,-0.079468,0.116767,-0.186569,0.062332
399,-0.159184,0.984464,-0.0740779999999999,0.095509,-0.267713,0.077221
400,-0.14901,0.986368,-0.069785,0.101449,-0.297373,0.074516
401,-0.135843,0.988688,-0.063561,0.131632,-0.31605,0.065499
402,-0.120291,0.991187,-0.0554529999999999,0.169958,-0.389777,0.066714
403,-0.10338,0.993461,-0.048418,0.107515,-0.256126,0.165132
404,-0.086389,0.995335,-0.04292,0.049326,-0.1095309999999999,0.193692
405,-0.0723019999999999,0.996795,-0.034171,-0.009775,0.001511,0.224509
406,-0.063961,0.99781,-0.016724,0.004086,0.258583,0.308869
407,-0.063534,0.997951,0.007222,-0.024997,0.174229,0.246425
408,-0.067207,0.997205,0.032568,-0.030007,0.200167,0.211497
409,-0.074258,0.995758,0.0543,0.07702,0.163911,-0.045343
410,-0.08344,0.993971,0.071102,-0.080653,0.273302,0.132969
411,-0.095264,0.991438,0.089286,-0.068829,0.275835,0.1147849999999999
412,-0.098777,0.98999,0.100798,-0.151803,0.4364479999999999,0.131151
413,-0.08671,0.992388,0.087432,-0.041143,0.279051,-0.258926
414,-0.077806,0.995206,0.059234,0.049623,0.0276209999999999,-0.454208
415,-0.076039,0.996381,0.037936,0.0320019999999999,-0.024152,-0.347109
416,-0.07923,0.996408,0.0298389999999999,0.076652,-0.130991,-0.214745
417,-0.084959,0.995933,0.029942,0.163405,-0.148002,-0.155934
418,-0.090214,0.995371,0.033095,0.20699,-0.066584,-0.13304
419,-0.093438,0.995043,0.034011,0.223976,0.0308209999999999,-0.117934
420,-0.096158,0.994892,0.030683,0.237957,0.075329,-0.1323369999999999
421,-0.099329,0.994757,0.024277,0.221796,0.093897,-0.109666
422,-0.102335,0.994582,0.018231,0.123575,0.1358349999999999,0.0405
423,-0.108286,0.993989,0.01604,0.115396,0.11943,0.0664039999999999
424,-0.11655,0.993083,0.014105,0.110187,0.018407,0.026652
425,-0.12505,0.992117,0.007902,0.080586,-0.162542,-0.068311
426,-0.136549,0.990628,-0.002495,0.062788,-0.2362949999999999,-0.081046
427,-0.1482619999999999,0.988825,-0.015463,-0.0069349999999999,-0.323603,-0.1122079999999999
428,-0.159043,0.986848,-0.0288709999999999,-0.045821,-0.378556,-0.117476
429,-0.167968,0.984904,-0.041803,-0.054185,-0.385356,-0.110373
430,-0.175717,0.983007,-0.0530799999999999,-0.082874,-0.321661,-0.101217
431,-0.1826289999999999,0.981227,-0.061937,-0.087772,-0.28271,-0.08769
432,-0.187766,0.979696,-0.070252,-0.117776,-0.228705,-0.073852
433,-0.191463,0.978254,-0.079736,-0.162159,-0.104169,-0.013099
434,-0.195279,0.9767,-0.088988,-0.16814,-0.071289,0.026839
435,-0.200518,0.974938,-0.09636,-0.188948,0.028007,0.055954
436,-0.207676,0.972756,-0.103019,-0.176586,0.136177,0.080055
437,-0.216823,0.97,-0.109926,-0.150837,0.177766,0.149584
438,-0.229013,0.966603,-0.1150119999999999,-0.120871,0.230113,0.215033
439,-0.243065,0.963154,-0.1151079999999999,-0.1149829999999999,0.402736,0.204448
440,-0.259445,0.95906,-0.113527,-0.1057289999999999,0.364579,0.111391
441,-0.269401,0.956308,-0.113554,-0.051888,0.536582,-0.140825
442,-0.275496,0.954346,-0.11542,0.0045299999999999,0.46318,-0.227796
443,-0.274001,0.954177,-0.120269,-0.0619059999999999,0.440506,-0.096329
444,-0.26596,0.955547,-0.127246,-0.092865,0.4395949999999999,-0.011105
445,-0.254168,0.958093,-0.132105,0.0750909999999999,0.123648,-0.090765
446,-0.2347769999999999,0.962508,-0.135847,0.329351,0.136095,-0.237429
447,-0.21963,0.965545,-0.139573,0.257868,-0.116684,-0.267974
448,-0.20895,0.967791,-0.140414,0.095318,-0.194933,-0.246778
449,-0.204655,0.969477,-0.1350029999999999,-0.0601299999999999,-0.216135,-0.167182
450,-0.207178,0.970867,-0.120373,-0.163046,-0.221462,-0.092288
451,-0.213748,0.971738,-0.100159,-0.17259,-0.189237,-0.029891
452,-0.220109,0.971978,-0.082499,-0.112243,0.016624,0.024714
453,-0.223079,0.97219,-0.071253,-0.0695539999999999,0.120065,0.0080819999999999
454,-0.218998,0.973636,-0.063771,-0.016613,0.209836,-0.057826
455,-0.208609,0.976512,-0.053862,0.059423,0.15241,-0.05008
456,-0.198217,0.979395,-0.038586,0.0873159999999999,0.086065,-0.031971
457,-0.1889289999999999,0.981728,-0.022575,0.138545,-0.086098,0.015571
458,-0.181111,0.983405,-0.010383,0.143834,-0.200934,0.032691
459,-0.173417,0.984836,-0.004131,0.155168,-0.276371,-0.0036509999999999
460,-0.163471,0.986542,-0.002194,0.17487,-0.32103,-0.019809
461,-0.150622,0.988588,0.000665,0.1584799999999999,-0.335054,0.001014
462,-0.1360589999999999,0.990674,0.006696,0.146938,-0.28137,0.01961
463,-0.120471,0.992617,0.013796,0.138645,-0.323916,0.065076
464,-0.105415,0.994243,0.019015,0.102134,-0.2796889999999999,0.100767
465,-0.092364,0.995495,0.021219,0.0540649999999999,-0.195355,0.141989
466,-0.082539,0.996323,0.022793,-0.012508,-0.151597,0.202564
467,-0.074128,0.996889,0.026655,-0.047774,-0.008134,0.225374
468,-0.069869,0.996987,0.0335839999999999,0.004501,0.034537,0.197297
469,-0.06976,0.996658,0.04242,0.054059,0.1128079999999999,0.121429
470,-0.0728149999999999,0.99597,0.052294,-0.094924,0.201631,0.09091
471,-0.078651,0.994981,0.061805,-0.1449359999999999,0.244994,0.041604
472,-0.087597,0.993646,0.070617,-0.141545,0.6081,0.004182
473,-0.099985,0.99162,0.081764,-0.238837,0.627261,0.039513
474,-0.107051,0.990803,0.08271,-0.188435,0.421031,-0.037575
475,-0.096204,0.993557,0.059854,0.048276,0.21172,-0.257837
476,-0.079845,0.996559,0.022073,0.0855669999999999,0.178215,-0.253701
477,-0.070885,0.997431,-0.009977,0.1192859999999999,0.092093,-0.2056599999999999
478,-0.06806,0.997301,-0.027395,0.1102349999999999,-0.001482,-0.088175
479,-0.0700279999999999,0.996868,-0.036649,0.147085,-0.058773,-0.085177
480,-0.075095,0.996363,-0.040173,0.205558,-0.0937289999999999,-0.134693
481,-0.0819299999999999,0.995908,-0.038047,0.162588,-0.013577,-0.177591
482,-0.089024,0.995473,-0.033167,0.090825,0.021205,-0.131598
483,-0.095311,0.995051,-0.027947,0.061604,0.032628,-0.118538
484,-0.100337,0.99468,-0.023173,-0.072515,0.096461,-0.021153
485,-0.104438,0.994328,-0.019919,-0.067849,0.080013,0.006049
486,-0.108877,0.993847,-0.020142,-0.039118,0.022968,0.014374
487,-0.115173,0.993031,-0.0248259999999999,0.098709,-0.092839,0.020248
488,-0.123317,0.991799,-0.033467,0.131435,-0.1072309999999999,0.0252879999999999
489,-0.134331,0.989973,-0.043594,0.113212,-0.180174,-0.0084689999999999
490,-0.147616,0.987621,-0.0529669999999999,0.041705,-0.294094,-0.070629
491,-0.162172,0.984907,-0.060412,0.038102,-0.26634,-0.076658
492,-0.17829,0.981732,-0.066376,-0.024881,-0.265256,-0.110275
493,-0.1942,0.97836,-0.071337,-0.034605,-0.236615,-0.0895059999999999
494,-0.207967,0.975223,-0.07537,-0.045329,-0.201206,-0.044411
495,-0.21839,0.972623,-0.079383,-0.052118,-0.190198,-0.015725
496,-0.225571,0.970688,-0.0829029999999999,-0.074584,-0.185593,0.03731
497,-0.2312219999999999,0.969268,-0.083948,-0.1123609999999999,-0.16249,0.041513
498,-0.23651,0.967968,-0.084209,-0.1339119999999999,-0.148754,0.007762
499,-0.241495,0.966521,-0.086647,-0.103429,-0.14952,-0.010689
500,-0.245691,0.965123,-0.090359,-0.085989,-0.1107829999999999,-0.005787
501,-0.248954,0.96409,-0.092428,-0.0753409999999999,-0.074655,0.017446
502,-0.250822,0.963673,-0.091719,-0.10776,0.024288,0.043792
503,-0.251905,0.963537,-0.090165,-0.121813,0.023448,0.0442209999999999
504,-0.252175,0.963429,-0.090561,-0.139442,0.050426,0.059174
505,-0.252482,0.963164,-0.092497,-0.146414,0.118745,0.091063
506,-0.252775,0.962721,-0.096232,-0.114718,0.264177,0.079188
507,-0.252903,0.962075,-0.102169,-0.077008,0.29856,0.000271
508,-0.251323,0.961624,-0.110015,-0.163182,0.499329,-0.147798
509,-0.2525239999999999,0.960332,-0.118241,-0.190957,0.5178020000000001,-0.120223
510,-0.255067,0.958518,-0.127164,-0.157195,0.33239,-0.110171
511,-0.255472,0.957046,-0.1370559999999999,-0.016913,0.597168,-0.24829
512,-0.257844,0.954969,-0.146758,0.152467,0.338671,-0.253663
513,-0.254668,0.954888,-0.1527069999999999,0.29338,0.0534279999999999,-0.20444
514,-0.247176,0.95657,-0.154481,0.326309,-0.1251799999999999,-0.134825
515,-0.238473,0.959387,-0.150651,0.255288,-0.177877,-0.065688
516,-0.232582,0.962392,-0.140334,0.159874,-0.148626,-0.043122
517,-0.230234,0.964907,-0.126227,0.087244,-0.123477,-0.041803
518,-0.230787,0.966631,-0.1111289999999999,-0.012194,-0.100359,-0.042755
519,-0.234767,0.96734,-0.0955169999999999,-0.12679,-0.021875,0.003857
520,-0.240442,0.967517,-0.0780059999999999,-0.218252,0.128675,0.077365
521,-0.243423,0.968099,-0.059298,-0.202149,0.19958,0.068774
522,-0.240164,0.969705,-0.044488,-0.11799,0.123389,0.005822
523,-0.233094,0.971873,-0.033421,-0.003433,-0.000559,-0.01559
524,-0.225096,0.97404,-0.023747,0.078855,-0.079646,-0.00674
525,-0.216913,0.976028,-0.017415,0.1071109999999999,-0.126617,0.025106
526,-0.20894,0.977805,-0.015065,0.066912,-0.150748,0.071584
527,-0.201223,0.979447,-0.0133419999999999,0.0548,-0.192963,0.064292
528,-0.193195,0.9811,-0.0102239999999999,0.07964,-0.223989,0.033387
529,-0.184578,0.982797,-0.005131,0.102974,-0.250146,0.0219919999999999
530,-0.1741359999999999,0.984714,0.000991,0.111331,-0.273654,0.059434
531,-0.161223,0.986895,0.005461,0.103118,-0.284381,0.078584
532,-0.145848,0.989268,0.007855,0.070393,-0.288661,0.117343
533,-0.129092,0.991575,0.009934,-0.01193,-0.222807,0.189896
534,-0.11358,0.993423,0.013932,-0.01438,-0.202026,0.187118
535,-0.101049,0.994671,0.02008,0.047475,-0.023037,0.1353
536,-0.0922299999999999,0.995358,0.027198,0.052969,0.052738,0.118951
537,-0.087662,0.995489,0.036055,0.057083,0.25239,0.152254
538,-0.088088,0.995085,0.045047,-0.006517,0.343431,0.024533
539,-0.091877,0.994376,0.05251,0.0294839999999999,0.381554,-0.058934
540,-0.099468,0.993286,0.058922,-0.016453,0.5081180000000001,0.039985
541,-0.107264,0.99214,0.064303,-0.006734,0.347231,0.045392
542,-0.105877,0.992607,0.059189,0.012631,0.351143,-0.070053
543,-0.098263,0.994276,0.041752,0.068615,-0.014631,-0.257984
544,-0.094473,0.995359,0.0178259999999999,0.067114,-0.04196,-0.2246739999999999
545,-0.093717,0.995589,-0.001844,0.127149,-0.119444,-0.129274
546,-0.095101,0.995388,-0.011889,0.188149,-0.084759,-0.138883
547,-0.097846,0.995109,-0.012965,0.19538,0.015862,-0.176366
548,-0.099862,0.994937,-0.01051,0.188698,0.062024,-0.1608
549,-0.100595,0.994873,-0.009517,0.167535,0.094696,-0.137975
550,-0.101049,0.994799,-0.012119,0.1153,0.155836,-0.056194
551,-0.102752,0.994551,-0.01715,0.103729,0.17473,0.001036
552,-0.107441,0.993964,-0.021784,0.108174,0.1546259999999999,0.020136
553,-0.115052,0.993054,-0.024287,0.169908,-0.046826,0.03686
554,-0.124268,0.991896,-0.026126,0.182297,-0.174285,0.029193
555,-0.134515,0.990458,-0.029686,0.116693,-0.2335159999999999,0.006081
556,-0.145615,0.988697,-0.035482,0.005814,-0.257679,-0.037012
557,-0.157194,0.986628,-0.04288,-0.0715809999999999,-0.292216,-0.07237
558,-0.168469,0.984308,-0.052341,-0.096484,-0.326944,-0.1130029999999999
559,-0.179008,0.981798,-0.063357,-0.084969,-0.328447,-0.127088
560,-0.187693,0.97932,-0.075421,-0.061086,-0.269741,-0.089313
561,-0.193983,0.977081,-0.087574,-0.041369,-0.214248,-0.03471
562,-0.198116,0.97523,-0.098297,-0.0347779999999999,-0.186274,0.018478
563,-0.2010279999999999,0.973705,-0.1071039999999999,-0.049811,-0.181805,0.044482
564,-0.204274,0.972322,-0.113348,-0.120219,-0.17708,0.0530299999999999
565,-0.209119,0.970753,-0.117868,-0.186923,-0.150807,0.053933
566,-0.214953,0.968914,-0.122415,-0.241773,-0.08746,0.062647
567,-0.221345,0.966821,-0.127471,-0.292677,0.002402,0.091567
568,-0.2274199999999999,0.96479,-0.13208,-0.2797969999999999,0.099281,0.144668
569,-0.232508,0.962967,-0.136452,-0.20699,0.207031,0.198479
570,-0.23695,0.961047,-0.142227,-0.099384,0.26164,0.21083
571,-0.239008,0.959107,-0.15157,0.031885,0.3594199999999999,0.099614
572,-0.238398,0.957019,-0.165123,0.080226,0.555416,-0.151436
573,-0.236604,0.954817,-0.179803,0.030198,0.579256,-0.0954049999999999
574,-0.2323349999999999,0.953955,-0.1896779999999999,-0.103618,0.577967,-0.0276839999999999
575,-0.226198,0.954509,-0.194251,0.076936,0.577626,-0.127191
576,-0.222196,0.954508,-0.198822,0.10719,0.404119,-0.150573
577,-0.217915,0.9538,-0.2067989999999999,0.196675,0.1245849999999999,-0.2094
578,-0.212993,0.953228,-0.214421,0.208934,-0.150494,-0.182293
579,-0.2082239999999999,0.953693,-0.2170239999999999,0.155063,-0.169727,-0.094209
580,-0.203896,0.956134,-0.2102889999999999,0.058526,-0.1605859999999999,-0.027382
581,-0.2028589999999999,0.95971,-0.194399,0.023537,-0.164697,-0.024076
582,-0.205559,0.962483,-0.177084,-0.011375,-0.1385539999999999,-0.023997
583,-0.209984,0.963847,-0.163986,-0.0646429999999999,0.030309,0.01857
584,-0.214475,0.964597,-0.153421,-0.09157,0.113589,0.013269
585,-0.214696,0.966194,-0.142691,-0.057704,0.178338,-0.061884
586,-0.208211,0.969338,-0.130448,0.066381,0.03141,-0.028854
587,-0.200184,0.973308,-0.112168,0.0550419999999999,-0.107357,0.053483
588,-0.192933,0.977025,-0.090457,0.039171,-0.163152,0.069293
589,-0.1856,0.980014,-0.071477,0.0289689999999999,-0.220477,0.0505269999999999
590,-0.176798,0.982385,-0.060376,0.028849,-0.2030269999999999,0.0375949999999999
591,-0.1655869999999999,0.984661,-0.054837,0.031325,-0.202907,0.037015
592,-0.150947,0.987287,-0.049625,0.0980289999999999,-0.195096,0.092181
593,-0.13341,0.990169,-0.0418269999999999,0.140658,-0.217571,0.1182579999999999
594,-0.114299,0.99294,-0.031451,0.139216,-0.209721,0.1150539999999999
595,-0.096522,0.995109,-0.020568,0.113506,-0.139213,0.127471
596,-0.082353,0.996555,-0.008887,0.042848,-0.129474,0.1670289999999999
597,-0.074054,0.997228,0.005801,0.0449699999999999,-0.075292,0.191541
598,-0.0714279999999999,0.997206,0.021469,-0.04196,-0.12985,0.240387
599,-0.0727429999999999,0.996636,0.037504,-0.007198,-0.0727169999999999,0.250094
600,-0.075559,0.995717,0.0531179999999999,0.002073,-0.017781,0.222273
601,-0.077523,0.994943,0.063722,0.1236049999999999,0.288245,-0.075014
602,-0.079355,0.994343,0.070477,-0.017417,0.6745720000000001,0.177951
603,-0.085282,0.993176,0.079434,-0.146544,0.666461,0.176959
604,-0.087286,0.99339,0.074428,0.00794,0.386966,-0.150341
605,-0.084625,0.995369,0.045401,0.074859,0.051948,-0.282202
606,-0.085588,0.996297,0.007111,0.190217,-0.133779,-0.266251
607,-0.086849,0.996017,-0.019802,0.232738,-0.147644,-0.120182
608,-0.090943,0.995367,-0.030948,0.210542,-0.113852,0.0129889999999999
609,-0.09748,0.994712,-0.032093,0.193915,-0.032585,0.022419
610,-0.1051859999999999,0.994018,-0.029147,0.209693,0.066407,0.001254
611,-0.113667,0.99315,-0.026781,0.198979,0.129546,-0.035551
612,-0.122386,0.992091,-0.027605,0.151698,0.203725,-0.050871
613,-0.130566,0.990966,-0.030391,0.0523649999999999,0.286775,0.003017
614,-0.138639,0.989821,-0.031896,-0.030535,0.237367,0.062994
615,-0.146864,0.988702,-0.029713,-0.010103,0.040915,0.0830419999999999
616,-0.154341,0.987698,-0.024801,0.096114,-0.1912049999999999,0.041677
617,-0.1608609999999999,0.986754,-0.020576,0.131824,-0.336226,-0.012551
618,-0.168131,0.985588,-0.018243,0.041041,-0.405281,-0.051947
619,-0.176149,0.984164,-0.019416,-0.063993,-0.458972,-0.064171
620,-0.183334,0.98276,-0.023571,-0.1234589999999999,-0.510867,-0.074681
621,-0.1898619999999999,0.981368,-0.029211,-0.12662,-0.486663,-0.088037
622,-0.196236,0.979863,-0.036679,-0.13375,-0.325718,-0.1166109999999999
623,-0.203073,0.978035,-0.046841,-0.1176359999999999,-0.061867,-0.110019
624,-0.209269,0.976147,-0.0576919999999999,-0.036687,0.009098,-0.029954
625,-0.213113,0.974871,-0.064761,0.014398,0.032376,0.074099
626,-0.215028,0.974417,-0.065275,0.025636,0.017511,0.118833
627,-0.215459,0.974699,-0.059375,0.0265709999999999,-0.049467,0.180484
628,-0.2158409999999999,0.97505,-0.051721,-0.040949,-0.186689,0.273309
629,-0.216248,0.975188,-0.047227,-0.079208,-0.224867,0.26996
630,-0.2163,0.975162,-0.047531,-0.069559,-0.198565,0.249053
631,-0.2155929999999999,0.975134,-0.051175,-0.062483,-0.138265,0.204114
632,-0.2149309999999999,0.975163,-0.053363,-0.050542,-0.081821,0.1715269999999999
633,-0.215011,0.975218,-0.052007,-0.014832,-0.065199,0.138753
634,-0.214471,0.975379,-0.051217,-0.011664,-0.0232,0.165765
635,-0.2123789999999999,0.975696,-0.053823,-0.048241,-0.02985,0.187475
636,-0.209521,0.97604,-0.0585809999999999,-0.077161,0.058735,0.202563
637,-0.207851,0.976029,-0.064423,-0.042957,0.196502,0.168
638,-0.2065159999999999,0.975911,-0.070243,0.024921,0.430781,0.31179
639,-0.206982,0.975486,-0.074638,0.028058,0.499932,0.298911
640,-0.209894,0.974328,-0.081333,0.044367,0.647208,0.132663
641,-0.2164989999999999,0.972147,-0.089685,0.060219,0.526754,-0.082938
642,-0.222072,0.970028,-0.098573,0.105464,0.452808,-0.236602
643,-0.22735,0.967547,-0.110232,0.29838,0.318799,-0.48773
644,-0.234844,0.963982,-0.124792,0.2813219999999999,0.1627569999999999,-0.473306
645,-0.2449619999999999,0.959605,-0.138342,0.308973,0.0778399999999999,-0.40304
646,-0.25687,0.955521,-0.144858,0.3730199999999999,-0.075715,-0.083261
647,-0.2686409999999999,0.952862,-0.140969,0.442774,-0.042782,0.122734
648,-0.276667,0.952258,-0.12902,0.498255,-0.003421,0.195716
649,-0.278785,0.953471,-0.1147069999999999,0.421226,-0.0442759999999999,0.130866
650,-0.275793,0.955682,-0.102939,0.248328,-0.148675,-0.0122189999999999
651,-0.268489,0.95863,-0.094487,0.011897,-0.174328,-0.089869
652,-0.260023,0.961567,-0.088108,-0.163484,-0.114597,-0.055187
653,-0.25239,0.963998,-0.08362,-0.233785,-0.099222,-0.033812
654,-0.2452239999999999,0.965973,-0.082147,-0.2137909999999999,-0.098983,-0.034675
655,-0.238497,0.967788,-0.080573,-0.118925,-0.065536,0.0240389999999999
656,-0.232791,0.969796,-0.072735,-0.075238,-0.03605,0.156185
657,-0.22895,0.971649,-0.058876,-0.039376,-0.047043,0.306648
658,-0.227014,0.972788,-0.046202,-0.008109,-0.087656,0.359175
659,-0.2261429999999999,0.973264,-0.040035,-0.0273209999999999,-0.215085,0.312755
660,-0.225278,0.973396,-0.041675,-0.084003,-0.273384,0.23981
661,-0.225101,0.973149,-0.0479399999999999,-0.151044,-0.28304,0.2132079999999999
662,-0.2267809999999999,0.972531,-0.052349,-0.189632,-0.29031,0.1953089999999999
663,-0.2296679999999999,0.971909,-0.05131,-0.189796,-0.28743,0.185908
664,-0.232576,0.971399,-0.047738,-0.1122109999999999,-0.248437,0.156746
665,-0.2376349999999999,0.97031,-0.04488,-0.005331,0.035168,0.13953
666,-0.244693,0.968634,-0.043115,0.008259,0.1315849999999999,0.158624
667,-0.250278,0.967257,-0.0419579999999999,0.094791,0.266904,0.1738859999999999
668,-0.253295,0.96649,-0.041539,0.165801,0.17264,0.145238
669,-0.250731,0.967251,-0.03932,0.167937,0.2620889999999999,0.41583
670,-0.243483,0.969356,-0.032411,0.258544,0.557438,0.33571
671,-0.234109,0.971836,-0.0267019999999999,0.337914,0.729641,0.205612
672,-0.222976,0.97457,-0.021952,0.374938,0.887094,0.001322
673,-0.215248,0.976395,-0.017501,0.367913,0.5702510000000001,-0.111207
674,-0.212945,0.97691,-0.016933,0.458535,0.345096,-0.29247
675,-0.210615,0.977428,-0.016173,0.413938,-0.058605,-0.375704
676,-0.207915,0.97812,-0.006307,0.289092,-0.157853,-0.226008
677,-0.205832,0.97853,0.009901,0.057685,-0.197448,-0.146681
678,-0.208125,0.977804,0.02388,-0.111714,-0.163793,-0.207321
679,-0.2131489999999999,0.976637,0.027106,-0.0775,-0.125593,-0.194389
680,-0.217498,0.975841,0.020378,0.005813,-0.089519,-0.135734
681,-0.220253,0.975396,0.008879,0.281578,0.085609,-0.034423
682,-0.2209,0.975285,-0.0031379999999999,0.399947,0.149349,-0.0513809999999999
683,-0.2179239999999999,0.975878,-0.012634,0.477202,0.080946,-0.045716
684,-0.212745,0.976937,-0.01794,0.4351569999999999,-0.043358,-0.031727
685,-0.211246,0.977224,-0.019871,0.280338,-0.142248,-0.03973
686,-0.216853,0.976045,-0.017261,0.1235,-0.175706,-0.081021
687,-0.227758,0.973634,-0.012244,0.022481,-0.133119,-0.148553
688,-0.239664,0.97078,-0.011565,-0.115392,-0.101075,-0.180833
689,-0.2492489999999999,0.968297,-0.016212,-0.105808,-0.098592,-0.1761859999999999
690,-0.254222,0.966935,-0.019893,-0.220784,-0.088639,0.038234
691,-0.254106,0.96701,-0.017579,-0.204268,-0.118957,0.196626
692,-0.2515179999999999,0.967763,-0.012724,-0.156747,-0.172734,0.262327
693,-0.2493949999999999,0.968308,-0.0130229999999999,-0.125361,-0.192017,0.232307
694,-0.247943,0.968506,-0.022549,-0.011106,-0.233658,0.100827
695,-0.2467929999999999,0.968355,-0.037004,-0.041995,-0.242403,0.036134
696,-0.245705,0.968122,-0.048545,-0.073951,-0.200391,0.055503
697,-0.243657,0.968348,-0.054049,-0.086635,-0.015574,0.181704
698,-0.239476,0.969206,-0.057267,-0.045665,0.054674,0.302307
699,-0.232482,0.970644,-0.06157,-0.030549,0.05702,0.35579
700,-0.223039,0.972548,-0.066277,0.06151,0.110948,0.390054
701,-0.2117409999999999,0.974706,-0.0714419999999999,0.140299,0.346553,0.312668
702,-0.200523,0.976673,-0.0767419999999999,0.111259,0.459271,0.1814319999999999
703,-0.194223,0.977143,-0.086363,0.0897159999999999,0.563049,-0.168429
704,-0.195196,0.975803,-0.098467,0.086294,0.614697,-0.319884
705,-0.204445,0.973043,-0.106666,0.144508,0.390467,-0.527153
706,-0.219029,0.96905,-0.113829,0.3447,0.139577,-0.660235
707,-0.235781,0.964149,-0.121708,0.276537,0.106545,-0.559429
708,-0.252812,0.959039,-0.127751,0.201756,0.189628,-0.252604
709,-0.265712,0.955776,-0.1260109999999999,0.220607,0.227284,0.05727
710,-0.270885,0.95602,-0.1124119999999999,0.254497,0.187916,0.2187199999999999
711,-0.2686739999999999,0.959071,-0.089362,0.262907,0.104604,0.142493
712,-0.261533,0.963268,-0.0608549999999999,0.18797,-0.084346,-0.045315
713,-0.254105,0.966594,-0.033382,0.013459,-0.195659,-0.076787
714,-0.2496789999999999,0.968267,-0.010318,-0.215851,-0.148504,0.001483
715,-0.2488969999999999,0.9685,0.006743,-0.373311,-0.005518,-0.018584
716,-0.252486,0.967486,0.0144509999999999,-0.262925,0.144666,-0.165773
717,-0.257847,0.965953,0.020895,-0.2450679999999999,0.11562,-0.15888
718,-0.260304,0.964689,0.040049,-0.2454489999999999,-0.013715,0.104741
719,-0.256715,0.964187,0.066526,-0.001555,-0.197311,0.417376
720,-0.246317,0.965464,0.084809,0.093363,-0.225107,0.382263
721,-0.230081,0.969051,0.089379,0.256891,-0.30598,0.146003
722,-0.2126159999999999,0.973585,0.083137,0.227798,-0.290709,0.096093
723,-0.196091,0.977898,0.072446,0.108857,-0.2272269999999999,0.070621
724,-0.18278,0.981015,0.064704,-0.078725,-0.179287,0.119393
725,-0.173506,0.98273,0.064212,-0.064791,-0.184832,0.128796
726,-0.165593,0.983511,0.072589,-0.023646,0.080484,0.13194
727,-0.159442,0.983395,0.086589,-0.013256,0.232929,0.247563
728,-0.155212,0.983025,0.0977519999999999,-0.02179,0.21598,0.291331
729,-0.156242,0.98298,0.096562,0.261818,-0.012597,-0.0165909999999999
730,-0.152437,0.984872,0.082317,0.474367,0.250404,-0.137523
731,-0.143044,0.987291,0.069146,0.2994469999999999,0.776976,0.10221
732,-0.136569,0.988688,0.061901,0.176898,0.718603,-0.03616
733,-0.130956,0.990223,0.047906,0.28861,0.1268119999999999,-0.3493429999999999
734,-0.129891,0.991058,0.030312,0.214226,-0.004531,-0.332162
735,-0.133417,0.990982,0.011932,0.124704,-0.189361,-0.265167
736,-0.138231,0.99038,-0.005175,0.100313,-0.2344139999999999,-0.168119
737,-0.140977,0.989835,-0.0184259999999999,0.097367,-0.147046,-0.144431
738,-0.138532,0.98987,-0.030858,0.096295,-0.076311,-0.112269
739,-0.130878,0.990459,-0.04299,0.126422,0.064533,0.007605
740,-0.1212599999999999,0.991123,-0.05439,0.208784,0.0655179999999999,0.0484389999999999
741,-0.113507,0.991488,-0.0636809999999999,0.230405,0.0559519999999999,0.0584779999999999
742,-0.110138,0.991491,-0.069298,0.315369,0.064692,0.046379
743,-0.112789,0.991037,-0.071501,0.302944,0.0528929999999999,0.053221
744,-0.121136,0.990068,-0.071268,0.121746,-0.10927,0.0221199999999999
745,-0.131878,0.988486,-0.074109,-0.006473,-0.223028,-0.05585
746,-0.142944,0.986255,-0.0828059999999999,-0.170517,-0.379092,-0.125187
747,-0.153952,0.983536,-0.094569,-0.183954,-0.394928,-0.121983
748,-0.164955,0.980641,-0.1054619999999999,-0.1749339999999999,-0.399403,-0.17002
749,-0.17506,0.977883,-0.114401,-0.130406,-0.312341,-0.134272
750,-0.183169,0.975294,-0.1234519999999999,-0.134824,-0.248304,-0.036491
751,-0.19104,0.972681,-0.131849,-0.182296,-0.059794,0.125638
752,-0.201733,0.969417,-0.139726,-0.210788,0.098713,0.237977
753,-0.216342,0.965036,-0.147957,-0.2533849999999999,0.204031,0.247002
754,-0.233735,0.959633,-0.156401,-0.226851,0.204505,0.177427
755,-0.24945,0.954271,-0.164714,-0.250977,0.4272439999999999,0.096644
756,-0.264608,0.94867,-0.173198,-0.202647,0.326812,0.059184
757,-0.268182,0.946152,-0.181284,-0.060386,0.664291,-0.2083949999999999
758,-0.266371,0.945023,-0.189654,0.144759,0.466477,-0.155118
759,-0.255167,0.94676,-0.196277,0.12794,0.3703329999999999,0.002368
760,-0.238947,0.951051,-0.195948,0.1775,0.449538,0.0396529999999999
761,-0.22718,0.954729,-0.192017,0.293388,0.1612829999999999,-0.09407
762,-0.215437,0.958123,-0.188616,0.336974,0.008704,-0.231199
763,-0.205999,0.960601,-0.186547,0.1900079999999999,-0.07109,-0.297569
764,-0.202065,0.962328,-0.181889,-0.055183,-0.151171,-0.241375
765,-0.206182,0.963898,-0.168462,-0.2242989999999999,-0.179627,-0.170787
766,-0.217433,0.964942,-0.146971,-0.268682,-0.130423,-0.0296339999999999
767,-0.229958,0.965272,-0.123929,-0.250221,-0.051469,0.114316
768,-0.23468,0.966089,-0.1076369999999999,-0.127839,0.032186,0.099672
769,-0.2262429999999999,0.969109,-0.098135,0.021546,0.091835,-0.0296269999999999
770,-0.208945,0.973941,-0.088144,0.004249,0.087003,-0.039618
771,-0.190105,0.978515,-0.079731,0.151882,-0.033019,-0.024456
772,-0.1724089999999999,0.982013,-0.076903,0.203796,-0.07175,0.120375
773,-0.158515,0.984343,-0.0770049999999999,0.17385,-0.079192,0.135461
774,-0.147172,0.986146,-0.07645,0.162217,-0.135957,0.152729
775,-0.13572,0.988117,-0.072073,0.127343,-0.231845,0.126715
776,-0.122707,0.990436,-0.062988,0.192332,-0.133686,0.1230779999999999
777,-0.1085329999999999,0.992704,-0.052411,0.0898409999999999,-0.309568,0.0938389999999999
778,-0.093055,0.994788,-0.041541,0.020163,-0.200446,0.171058
779,-0.0783669999999999,0.996423,-0.031412,-0.08716,-0.142725,0.217157
780,-0.065271,0.997639,-0.021067,-0.1484589999999999,-0.045002,0.191599
781,-0.058388,0.998254,-0.008148,-0.0955429999999999,0.012717,0.194198
782,-0.055763,0.998397,0.009,-0.084587,0.197892,0.213549
783,-0.0606059999999999,0.997701,0.030111,0.054533,0.154185,-0.047994
784,-0.071466,0.996033,0.052877,0.2079869999999999,0.4355159999999999,-0.217489
785,-0.085964,0.992974,0.081227,-0.1153759999999999,0.658271,0.285671
786,-0.095697,0.989644,0.106921,-0.191474,0.4640149999999999,0.1804329999999999
787,-0.08822,0.990562,0.1048279999999999,-0.027915,0.140373,-0.169433
788,-0.079488,0.9938,0.07765,-0.009379,-0.217448,-0.399992
789,-0.079233,0.995705,0.047748,0.019601,-0.264473,-0.342288
790,-0.084564,0.995841,0.03372,0.046142,-0.227957,-0.154936
791,-0.091994,0.995178,0.0338269999999999,0.088652,-0.053284,-0.0473769999999999
792,-0.097459,0.994538,0.0371779999999999,0.085176,0.024749,-0.036919
793,-0.099564,0.994302,0.037917,0.060242,0.173361,-0.005614
794,-0.101682,0.994255,0.033261,0.063917,0.146325,-0.0397
795,-0.105718,0.994092,0.024334,0.064199,0.161089,-0.0138509999999999
796,-0.1120829999999999,0.993586,0.014574,0.035819,0.130071,0.044141
797,-0.1211119999999999,0.992616,0.005716,0.055148,-0.055864,0.053625
798,-0.13232,0.991194,-0.0037549999999999,0.089199,-0.1259289999999999,0.048967
799,-0.144603,0.989341,-0.016782,0.10615,-0.193458,0.059034
800,-0.157021,0.987089,-0.031434,0.05436,-0.372496,0.0567789999999999
801,-0.169191,0.984597,-0.043956,0.01787,-0.459221,0.024211
802,-0.1804089999999999,0.982084,-0.0543419999999999,2e-05,-0.483304,-0.016352
803,-0.189505,0.979784,-0.064027,-0.0422149999999999,-0.386263,0.000962
804,-0.194878,0.978135,-0.072547,-0.048149,-0.317277,-0.00564
805,-0.196498,0.977201,-0.080347,-0.073674,-0.185545,-0.009344
806,-0.195603,0.976622,-0.089096,-0.11592,-0.080458,0.0143889999999999
807,-0.195974,0.975735,-0.097593,-0.143657,-0.048184,0.033964
808,-0.198976,0.974222,-0.106249,-0.192717,-0.037729,0.084445
809,-0.2052119999999999,0.971893,-0.1153319999999999,-0.243381,0.018601,0.1153319999999999
810,-0.214035,0.968841,-0.1246029999999999,-0.282089,0.094788,0.112594
811,-0.223969,0.96534,-0.133963,-0.28128,0.154121,0.1711329999999999
812,-0.234105,0.961686,-0.1426329999999999,-0.247875,0.174926,0.184488
813,-0.241061,0.958568,-0.151746,-0.179288,0.2516219999999999,0.136105
814,-0.2427949999999999,0.956097,-0.164071,-0.017505,0.561481,-0.163092
815,-0.2407659999999999,0.954077,-0.1782119999999999,0.012403,0.4838659999999999,-0.184642
816,-0.235169,0.952925,-0.1913619999999999,-0.075897,0.581849,-0.034148
817,-0.225778,0.953179,-0.201157,0.202829,0.6047279999999999,-0.09407
818,-0.213598,0.954257,-0.2091869999999999,0.243902,0.4517029999999999,-0.149776
819,-0.200966,0.955056,-0.21788,0.288811,0.329444,-0.216584
820,-0.1849859999999999,0.956456,-0.225751,0.284321,-0.055898,-0.288501
821,-0.170379,0.95838,-0.229063,0.1406859999999999,-0.180838,-0.202074
822,-0.16289,0.961318,-0.222094,-0.0139289999999999,-0.203872,-0.087781
823,-0.164646,0.964944,-0.204367,-0.123607,-0.1980829999999999,-0.0129639999999999
824,-0.173424,0.967945,-0.181651,-0.189338,-0.183079,0.042872
825,-0.1847859999999999,0.969767,-0.1593619999999999,-0.200376,-0.074061,0.086135
826,-0.192413,0.971266,-0.140036,-0.114197,0.068712,-0.002679
827,-0.188309,0.973825,-0.1272589999999999,-0.060394,0.090659,-0.042357
828,-0.175112,0.977516,-0.117426,-0.005247,0.0084459999999999,0.005854
829,-0.16035,0.981141,-0.107888,0.098384,-0.074509,0.066995
830,-0.1463539999999999,0.984038,-0.101189,0.128486,-0.060851,0.123207
831,-0.134265,0.986043,-0.0983899999999999,0.095813,-0.116475,0.100587
832,-0.123814,0.987566,-0.096814,0.032704,-0.219484,0.076184
833,-0.111884,0.989437,-0.092112,0.0266029999999999,-0.163448,0.102977
834,-0.098799,0.991693,-0.082296,0.018935,-0.263208,0.106649
835,-0.082742,0.994121,-0.069751,0.042916,-0.230846,0.102649
836,-0.0665419999999999,0.996069,-0.05837,-0.002336,-0.175619,0.137288
837,-0.05318,0.997361,-0.049313,0.02515,0.107329,0.2443199999999999
838,-0.046152,0.99807,-0.041424,-0.121313,-0.205056,0.2630429999999999
839,-0.039594,0.99872,-0.03132,-0.161975,0.071226,0.311105
840,-0.038965,0.999115,-0.01549,-0.152197,0.0894929999999999,0.28464
841,-0.046098,0.99892,0.004876,0.17537,0.108624,-0.152383
842,-0.060344,0.997778,0.02806,0.049601,0.578333,0.094377
843,-0.078921,0.995472,0.052875,-0.209134,0.5725060000000001,0.2828489999999999
844,-0.086539,0.994397,0.0606149999999999,-0.198617,0.403659,0.07972
845,-0.078739,0.996318,0.0337639999999999,0.072224,-0.127131,-0.305813
846,-0.074062,0.997244,-0.003022,0.029155,-0.1915339999999999,-0.464095
847,-0.07837,0.996627,-0.024131,0.049607,-0.142593,-0.281548
848,-0.085961,0.995982,-0.024897,0.089486,-0.097026,-0.064657
849,-0.094147,0.995341,-0.020506,0.111191,-0.033931,-0.0340139999999999
850,-0.099319,0.994855,-0.019671,0.08734,0.1673609999999999,-0.0076269999999999
851,-0.10227,0.994477,-0.023327,0.025351,0.1528769999999999,-0.032886
852,-0.104399,0.994085,-0.029713,0.047224,0.12649,-0.035472
853,-0.10622,0.993724,-0.03489,0.068027,0.16779,0.0177699999999999
854,-0.1102609999999999,0.993192,-0.037408,0.18068,0.081622,0.080712
855,-0.116949,0.992279,-0.041141,0.2148489999999999,-0.010269,0.081409
856,-0.126156,0.99079,-0.049066,0.159939,-0.2302159999999999,0.045419
857,-0.137318,0.98871,-0.059876,0.039036,-0.342363,0.010971
858,-0.150758,0.986029,-0.070764,-0.004698,-0.395712,-0.0143949999999999
859,-0.16538,0.982851,-0.081497,-0.078424,-0.48073,-0.074264
860,-0.179171,0.979499,-0.092017,-0.083478,-0.461478,-0.06881
861,-0.190246,0.976498,-0.101224,-0.091538,-0.36517,-0.077288
862,-0.196543,0.97435,-0.109544,-0.098913,-0.20958,-0.056563
863,-0.19846,0.9729,-0.1186059999999999,-0.118419,-0.149398,0.0214229999999999
864,-0.198388,0.971763,-0.127694,-0.149192,-0.087227,0.066415
865,-0.199466,0.970249,-0.137178,-0.17265,-0.042026,0.092485
866,-0.203191,0.967758,-0.148813,-0.182872,0.046356,0.120889
867,-0.209911,0.964364,-0.161021,-0.182362,0.094932,0.1463269999999999
868,-0.218146,0.96081,-0.171012,-0.2085659999999999,0.240896,0.217384
869,-0.226846,0.957497,-0.178129,-0.188514,0.255776,0.218626
870,-0.231828,0.955152,-0.184197,-0.157729,0.413927,0.164406
871,-0.233893,0.953299,-0.1910599999999999,-0.085047,0.5738310000000001,-0.181437
872,-0.234675,0.951641,-0.198234,-0.076391,0.470631,-0.180413
873,-0.232473,0.950734,-0.20506,-0.148417,0.440242,-0.028079
874,-0.23015,0.949995,-0.211019,-0.037901,0.235231,-0.028498
875,-0.2269179999999999,0.949439,-0.216941,0.175007,0.330469,-0.080804
876,-0.2173949999999999,0.949893,-0.22457,0.292652,0.34271,-0.176263
877,-0.208134,0.950311,-0.2314719999999999,0.32793,-0.096703,-0.227696
878,-0.197891,0.951969,-0.233632,0.2882989999999999,-0.144291,-0.200206
879,-0.190871,0.954855,-0.2276159999999999,0.0767809999999999,-0.197867,-0.0876
880,-0.190806,0.958194,-0.21318,-0.040822,-0.19112,-0.024064
881,-0.195692,0.961298,-0.193905,-0.117952,-0.130396,0.018872
882,-0.201847,0.963756,-0.174418,-0.208432,0.0010119999999999,0.051097
883,-0.206945,0.965887,-0.155642,-0.246561,0.185068,0.004534
884,-0.204266,0.968786,-0.140419,-0.178501,0.255945,-0.113212
885,-0.1923109999999999,0.97293,-0.12811,-0.089366,0.163819,-0.096698
886,-0.179118,0.977047,-0.115255,0.005412,0.014804,0.008687
887,-0.166107,0.980538,-0.1046049999999999,0.089538,-0.049401,0.088385
888,-0.153758,0.983257,-0.097741,0.1310069999999999,-0.098354,0.105416
889,-0.142414,0.985378,-0.09347,0.123859,-0.2017779999999999,0.096827
890,-0.1308359999999999,0.987446,-0.088439,0.099372,-0.281452,0.11267
891,-0.1170549999999999,0.989872,-0.080247,0.1075329999999999,-0.290409,0.101732
892,-0.102416,0.992143,-0.071774,0.09001,-0.439561,0.058988
893,-0.085767,0.994068,-0.066795,0.092435,-0.38068,0.071357
894,-0.069466,0.995476,-0.064734,0.022973,-0.290856,0.126868
895,-0.055215,0.996605,-0.060974,-0.04293,-0.011482,0.203369
896,-0.045162,0.997576,-0.052814,-0.097935,-0.075991,0.255222
897,-0.037424,0.998502,-0.039748,-0.078329,-0.05795,0.252135
898,-0.034529,0.999091,-0.0247469999999999,-0.053499,0.059945,0.245511
899,-0.035965,0.999308,-0.008778,-0.035736,0.152029,0.202534
900,-0.042053,0.999089,0.006285,0.033417,0.153133,0.027986
901,-0.053369,0.998347,0.020996,0.142221,0.615239,-0.156372
902,-0.070984,0.996831,0.0357,-0.217376,0.959559,0.355062
903,-0.077996,0.996382,0.03354,-0.1313089999999999,0.46428,0.191772
904,-0.069342,0.997566,0.0063289999999999,-0.022866,0.281319,-0.004437
905,-0.065537,0.99751,-0.025799,0.026978,-0.210233,-0.417622
906,-0.069394,0.996492,-0.046648,0.041455,-0.270311,-0.27278
907,-0.077983,0.995416,-0.0552519999999999,0.03477,-0.267511,-0.117401
908,-0.087285,0.994482,-0.058083,0.10584,-0.092703,-0.14431
909,-0.092293,0.993985,-0.058851,0.143502,0.001575,-0.168093
910,-0.09261,0.993868,-0.060321,0.1433,0.133223,-0.138303
911,-0.091503,0.993747,-0.063888,0.164028,0.124371,-0.127488
912,-0.091211,0.993602,-0.066505,0.147257,0.15479,-0.0523309999999999
913,-0.094726,0.993309,-0.065974,0.07193,0.148476,0.0382029999999999
914,-0.102855,0.992534,-0.065456,0.063045,0.032567,0.063899
915,-0.1155369999999999,0.990915,-0.0687509999999999,0.091383,-0.120294,0.040614
916,-0.130899,0.988419,-0.076689,0.095346,-0.296753,-0.012453
917,-0.147363,0.985307,-0.086266,0.0868159999999999,-0.3376929999999999,-0.017005
918,-0.161454,0.982297,-0.094932,0.000459,-0.427533,-0.0208819999999999
919,-0.171266,0.979909,-0.10214,-0.0286699999999999,-0.424612,-0.043246
920,-0.176727,0.978459,-0.10664,-0.0325019999999999,-0.403294,-0.048297
921,-0.178394,0.978032,-0.10778,-0.0647539999999999,-0.240071,-0.038247
922,-0.176155,0.978441,-0.107747,-0.098747,-0.076662,-0.0101269999999999
923,-0.172855,0.978868,-0.109203,-0.130688,-0.044405,0.016628
924,-0.1708039999999999,0.978864,-0.112421,-0.182498,0.011386,0.090097
925,-0.170949,0.978414,-0.116065,-0.210094,-0.020375,0.134451
926,-0.172325,0.977726,-0.119766,-0.2404099999999999,-0.041188,0.137649
927,-0.174899,0.976718,-0.12418,-0.255078,-0.031085,0.1163829999999999
928,-0.1798799999999999,0.975089,-0.129745,-0.2214719999999999,-0.026816,0.1302029999999999
929,-0.188174,0.972869,-0.1345579999999999,-0.174115,0.016893,0.1882839999999999
930,-0.197422,0.970453,-0.138688,-0.147106,0.077338,0.228043
931,-0.205794,0.96829,-0.141599,-0.116578,0.18915,0.22183
932,-0.2127639999999999,0.966249,-0.145197,-0.049122,0.259963,0.027613
933,-0.2159469999999999,0.96485,-0.149732,-0.129115,0.420633,0.0216349999999999
934,-0.219701,0.963362,-0.153797,-0.2405659999999999,0.585665,0.079303
935,-0.224517,0.961612,-0.157743,-0.135514,0.6659970000000001,-0.10213
936,-0.221507,0.960846,-0.166424,-0.058645,0.711242,-0.153278
937,-0.221438,0.957957,-0.1824059999999999,-0.0216349999999999,0.360295,-0.176358
938,-0.216852,0.955637,-0.1993049999999999,0.03776,0.08576,-0.158498
939,-0.210009,0.954887,-0.209941,0.052111,-0.021095,-0.153493
940,-0.202823,0.956175,-0.211144,0.123477,-0.210691,-0.166221
941,-0.197735,0.958446,-0.2055989999999999,0.095333,-0.173473,-0.165998
942,-0.195293,0.960458,-0.19842,0.032665,-0.112389,-0.13442
943,-0.196774,0.961758,-0.190502,-0.013615,-0.076839,-0.112187
944,-0.202032,0.962641,-0.180258,-0.032053,0.005575,-0.1077819999999999
945,-0.208823,0.963446,-0.16779,-0.055413,0.09321,-0.065364
946,-0.213473,0.964883,-0.15303,-0.071134,0.181418,0.011474
947,-0.212286,0.96757,-0.136864,0.001547,0.147283,0.013146
948,-0.204335,0.971195,-0.1225339999999999,0.034321,0.0758929999999999,-0.003198
949,-0.192944,0.975065,-0.1095849999999999,0.086285,-0.072751,-0.020878
950,-0.181574,0.978544,-0.0973049999999999,0.109278,-0.162459,-0.025207
951,-0.171853,0.981317,-0.086436,0.1053549999999999,-0.172174,-0.025075
952,-0.163388,0.983447,-0.078248,0.095562,-0.12485,-0.001784
953,-0.155065,0.985415,-0.069986,0.078038,-0.0927,0.026712
954,-0.145418,0.987547,-0.0599149999999999,0.082262,-0.132231,0.050546
955,-0.13395,0.989783,-0.048707,0.089562,-0.2339389999999999,0.0521549999999999
956,-0.121206,0.991842,-0.039306,0.088995,-0.3057,0.064972
957,-0.1089589999999999,0.993423,-0.034995,0.065457,-0.4144279999999999,0.083777
958,-0.0962929999999999,0.994693,-0.036054,0.045313,-0.393909,0.123976
959,-0.084046,0.995678,-0.03935,0.014222,-0.313259,0.151426
960,-0.072939,0.996509,-0.040455,-0.013288,-0.1822079999999999,0.195972
961,-0.064943,0.997155,-0.0381,0.004717,-0.168923,0.221053
962,-0.057876,0.997757,-0.033448,0.004852,-0.02745,0.204469
963,-0.0546539999999999,0.998143,-0.0266269999999999,-0.073138,0.136928,0.216782
964,-0.0566539999999999,0.998247,-0.016697,-0.101336,0.193754,0.191334
965,-0.066402,0.997772,-0.005267,-0.104664,0.073029,0.000399
966,-0.0762149999999999,0.997046,0.008647,-0.062945,0.508492,-0.1115369999999999
967,-0.091516,0.995434,0.026856,-0.3139099999999999,0.702839,0.178146
968,-0.101017,0.994195,0.036821,-0.141796,0.286353,0.098997
969,-0.088199,0.995856,0.02184,-0.0439569999999999,0.287546,-0.099187
970,-0.074383,0.997175,-0.009694,-0.008091,0.052263,-0.195598
971,-0.066358,0.997061,-0.038087,-0.016116,0.052377,-0.167204
972,-0.0618299999999999,0.996635,-0.053665,-0.0552659999999999,-0.122063,-0.086533
973,-0.0611539999999999,0.996268,-0.060783,0.032361,-0.15792,-0.126442
974,-0.063471,0.996145,-0.06042,0.11152,-0.010763,-0.172597
975,-0.066781,0.99638,-0.052457,0.1061329999999999,0.0541419999999999,-0.177463
976,-0.070631,0.996614,-0.041908,0.059385,0.10475,-0.0986409999999999
977,-0.074688,0.996601,-0.034531,0.033718,0.118695,-0.061005
978,-0.079563,0.996337,-0.0310949999999999,-0.0032,0.140733,-0.03345
979,-0.086726,0.99574,-0.031048,-0.122563,0.099505,0.040005
980,-0.097327,0.994637,-0.034762,-0.095696,-0.006386,0.029224
981,-0.1102829999999999,0.993054,-0.040817,-0.0519639999999999,-0.078915,0.030288
982,-0.1247619999999999,0.990919,-0.049983,0.071555,-0.166654,0.00645
983,-0.139711,0.988182,-0.062939,0.1037609999999999,-0.211937,-0.005894
984,-0.152929,0.985161,-0.077815,0.126974,-0.3294289999999999,-0.029912
985,-0.163705,0.982261,-0.091369,0.130883,-0.348563,-0.00528
986,-0.174647,0.979336,-0.101899,0.123088,-0.380871,0.015656
987,-0.186048,0.976552,-0.10824,0.08595,-0.288167,0.010523
988,-0.199205,0.973547,-0.1118349999999999,0.025362,-0.213675,0.003177
989,-0.210642,0.970753,-0.115123,-0.004248,-0.145573,-0.019154
990,-0.218908,0.968481,-0.1187759999999999,-0.028772,-0.1093809999999999,-0.012221
991,-0.2245199999999999,0.967164,-0.119032,-0.106367,-0.108277,0.031736
992,-0.228204,0.966774,-0.115128,-0.195884,-0.148491,0.063172
993,-0.230386,0.966807,-0.1104069999999999,-0.28176,-0.190425,0.049815
994,-0.232607,0.966441,-0.108943,-0.311979,-0.160991,0.036433
995,-0.235232,0.965522,-0.111423,-0.28404,-0.098533,0.025669
996,-0.237551,0.964334,-0.116677,-0.227934,-0.018212,0.099328
997,-0.238825,0.963237,-0.122965,-0.146566,0.0593,0.162226
998,-0.239465,0.962116,-0.13028,-0.095511,0.166973,0.208711
999,-0.238077,0.961045,-0.140345,-0.0121219999999999,0.257309,0.215846
1000,-0.233217,0.960205,-0.153626,0.020051,0.463684,0.021866
1001,-0.22793,0.958904,-0.168925,-0.004004,0.502003,-0.075124
1002,-0.221108,0.958199,-0.181523,-0.093162,0.535468,-0.01884
1003,-0.217272,0.957481,-0.1897569999999999,-0.19914,0.59388,-0.039369
1004,-0.211205,0.957219,-0.197759,-0.120903,0.336863,-0.086177
1005,-0.203601,0.956481,-0.2089869999999999,-0.010328,0.539353,-0.148069
1006,-0.199138,0.954492,-0.221979,0.042476,0.00138,-0.098624
1007,-0.194496,0.953159,-0.231613,0.0660169999999999,-0.110294,-0.072723
1008,-0.191815,0.953276,-0.233359,0.066922,-0.257033,0.011114
1009,-0.190728,0.954837,-0.227804,0.055764,-0.197741,0.0277459999999999
1010,-0.18791,0.956831,-0.221698,0.051573,-0.171537,0.0154449999999999
1011,-0.184616,0.958091,-0.219006,0.03215,-0.132407,-0.0168789999999999
1012,-0.183265,0.959118,-0.2156179999999999,0.002448,-0.055843,0.001201
1013,-0.185044,0.960752,-0.206638,0.007051,-0.010465,0.016834
1014,-0.18904,0.962963,-0.192226,-0.004152,0.144017,0.125851
1015,-0.194732,0.965118,-0.174958,0.001098,0.166596,0.1771859999999999
1016,-0.1996349999999999,0.966675,-0.160216,0.039601,0.0452269999999999,0.167723
1017,-0.201322,0.967742,-0.151423,0.071653,-0.122344,0.109095
1018,-0.201067,0.96842,-0.14737,0.070406,-0.268286,0.060167
1019,-0.199678,0.96879,-0.146824,0.06241,-0.34675,0.038075
1020,-0.195872,0.969151,-0.149547,0.0666,-0.333485,0.04156
1021,-0.189343,0.969972,-0.152603,0.101208,-0.226564,0.06723
1022,-0.180887,0.971663,-0.152103,0.1149839999999999,-0.196684,0.082325
1023,-0.171037,0.974461,-0.145449,0.129045,-0.1748849999999999,0.096652
1024,-0.161739,0.977859,-0.132723,0.167843,-0.160858,0.16263
1025,-0.15548,0.980711,-0.1183829999999999,0.107644,-0.170271,0.2059679999999999
1026,-0.153369,0.9822,-0.10837,0.075244,-0.192375,0.209688
1027,-0.154338,0.98243,-0.1048549999999999,0.0284379999999999,-0.2493969999999999,0.214459
1028,-0.156875,0.98188,-0.1062309999999999,-0.016236,-0.251869,0.2238
1029,-0.160206,0.981105,-0.108397,-0.0483209999999999,-0.241527,0.242628
1030,-0.163582,0.980554,-0.108339,-0.06324,-0.234796,0.267839
1031,-0.166969,0.980238,-0.106005,-0.074928,-0.1814859999999999,0.312639
1032,-0.170522,0.979811,-0.1042849999999999,-0.078227,-0.091825,0.298682
1033,-0.174475,0.979027,-0.105103,-0.1041349999999999,0.035087,0.256425
1034,-0.180007,0.977889,-0.1063609999999999,-0.123261,0.16649,0.203163
1035,-0.186952,0.976785,-0.1045079999999999,-0.179045,0.2656469999999999,0.1902319999999999
1036,-0.19422,0.975946,-0.098941,-0.2165619999999999,0.283408,0.193683
1037,-0.20019,0.975248,-0.093791,-0.301458,0.125461,0.167064
1038,-0.2016859999999999,0.974786,-0.095369,-0.181614,-0.053567,0.036927
1039,-0.196877,0.975273,-0.10031,-0.1396859999999999,-0.180672,0.156249
1040,-0.187873,0.976561,-0.104942,-0.013436,0.207186,0.16291
1041,-0.178423,0.977928,-0.108636,0.1183039999999999,0.74073,0.160608
1042,-0.167173,0.979736,-0.11023,0.189634,0.999222,0.137391
1043,-0.155194,0.980749,-0.11843,0.335492,0.7094060000000001,-0.007989
1044,-0.144035,0.979827,-0.13847,0.610985,0.242219,-0.257664
1045,-0.13875,0.97926,-0.147582,0.6422140000000001,0.074406,-0.265275
1046,-0.143625,0.980658,-0.1329,0.51858,-0.0231229999999999,-0.077076
1047,-0.156768,0.982447,-0.101002,0.3144679999999999,-0.19723,0.066426
1048,-0.177492,0.981913,-0.0657529999999999,0.078386,-0.272608,-0.014462
1049,-0.19834,0.979306,-0.039989,-0.132134,-0.2140929999999999,-0.163594
1050,-0.214036,0.976279,-0.032341,-0.193359,-0.16532,-0.189445
1051,-0.222448,0.974168,-0.03863,-0.014444,-0.0191199999999999,-0.1236319999999999
1052,-0.2229949999999999,0.97372,-0.046056,0.086719,0.057774,-0.112117
1053,-0.218711,0.974607,-0.047816,0.27462,0.162127,-0.114996
1054,-0.212665,0.976045,-0.045696,0.472552,0.125426,-0.0569649999999999
1055,-0.2098679999999999,0.976711,-0.04439,0.458617,0.0712629999999999,-0.037077
1056,-0.213824,0.97584,-0.0446649999999999,0.215471,-0.110544,-0.089185
1057,-0.224097,0.97352,-0.044919,0.092124,-0.163157,-0.171085
1058,-0.238273,0.970129,-0.045339,0.054435,-0.16387,-0.199183
1059,-0.25306,0.966336,-0.046202,-0.072136,-0.117474,-0.2095659999999999
1060,-0.26528,0.963066,-0.045938,-0.114664,-0.066932,-0.169455
1061,-0.272419,0.961202,-0.0431029999999999,-0.105175,-0.066198,-0.0596649999999999
1062,-0.273894,0.961003,-0.037873,-0.052583,-0.10558,0.086289
1063,-0.271376,0.961923,-0.032214,0.009977,-0.164056,0.174395
1064,-0.2679809999999999,0.963008,-0.027943,0.027044,-0.178371,0.181996
1065,-0.265978,0.963643,-0.025016,-0.0050479999999999,-0.1529589999999999,0.1394109999999999
1066,-0.266439,0.963585,-0.022218,-0.066263,-0.105614,0.087953
1067,-0.269636,0.962787,-0.017797,-0.0908679999999999,-0.070697,0.064703
1068,-0.274445,0.961516,-0.012076,-0.121124,0.0219439999999999,0.0602179999999999
1069,-0.278742,0.96034,-0.0052759999999999,-0.147787,0.005739,0.107449
1070,-0.2801349999999999,0.959949,0.001294,-0.1459369999999999,-0.008762,0.145374
1071,-0.277925,0.960579,0.004953,-0.14485,-0.064109,0.326407
1072,-0.273362,0.961889,0.0045579999999999,-0.124939,-0.138449,0.409962
1073,-0.267782,0.963468,-0.0002009999999999,-0.06579,-0.215436,0.412829
1074,-0.262243,0.964933,-0.010569,-0.063487,-0.17175,0.342921
1075,-0.257086,0.966054,-0.02499,-0.101923,-0.016469,0.307994
1076,-0.253064,0.966553,-0.0413959999999999,-0.102542,0.157089,0.071242
1077,-0.250862,0.966003,-0.062346,-0.0738149999999999,0.221543,0.005507
1078,-0.25215,0.963866,-0.085807,0.00328,0.587251,-0.154229
1079,-0.2584,0.960025,-0.107524,0.158272,0.535641,-0.288426
1080,-0.264246,0.956146,-0.126254,0.318857,0.325425,-0.497846
1081,-0.2706699999999999,0.952092,-0.142268,0.3511599999999999,0.280559,-0.548955
1082,-0.2803219999999999,0.947397,-0.154397,0.366245,0.3212489999999999,-0.404426
1083,-0.29733,0.941759,-0.157057,0.4391,0.210082,-0.169954
1084,-0.314348,0.938317,-0.143969,0.50432,0.180167,0.135225
1085,-0.321504,0.939153,-0.1208549999999999,0.598879,0.0911049999999999,0.2409869999999999
1086,-0.3175469999999999,0.942946,-0.09998,0.4992939999999999,0.0179,0.139714
1087,-0.305984,0.948146,-0.085865,0.265777,-0.182994,-0.0903429999999999
1088,-0.291356,0.95347,-0.077365,-0.070796,-0.219385,-0.171002
1089,-0.277147,0.957842,-0.075546,-0.255247,-0.094576,-0.1393589999999999
1090,-0.264392,0.960845,-0.082785,-0.331158,-0.034041,-0.169626
1091,-0.253183,0.962993,-0.092321,-0.269553,-0.065623,-0.177043
1092,-0.243476,0.965652,-0.090632,-0.162667,-0.024017,-0.060247
1093,-0.23685,0.968676,-0.074478,-0.081052,-0.02576,0.150955
1094,-0.233044,0.970878,-0.055358,-0.0243409999999999,-0.085975,0.322998
1095,-0.230064,0.972238,-0.04244,0.024666,-0.132593,0.368398
1096,-0.225805,0.973408,-0.038286,-0.025141,-0.29485,0.265078
1097,-0.220178,0.974585,-0.041046,-0.085242,-0.325689,0.2291099999999999
1098,-0.214035,0.975717,-0.046296,-0.191925,-0.303659,0.179551
1099,-0.2074639999999999,0.976949,-0.050078,-0.196574,-0.199483,0.1937549999999999
1100,-0.20148,0.978082,-0.05234,-0.171628,-0.170587,0.200473
1101,-0.197629,0.978759,-0.054335,-0.111499,-0.116714,0.194578
1102,-0.19745,0.978688,-0.056225,-0.053832,-0.040746,0.170666
1103,-0.200774,0.977978,-0.056823,0.017012,0.058933,0.1433859999999999
1104,-0.204458,0.977445,-0.052688,0.154104,0.116549,0.203918
1105,-0.204682,0.977826,-0.044056,0.232102,0.13776,0.332401
1106,-0.201065,0.97895,-0.034746,0.261123,0.143028,0.356859
1107,-0.192581,0.980765,-0.031481,0.458557,0.196741,0.3250139999999999
1108,-0.178944,0.983287,-0.033219,0.350087,0.438039,0.242875
1109,-0.163599,0.985967,-0.032882,0.345148,0.8776799999999999,0.084075
1110,-0.149979,0.988312,-0.026869,0.2178659999999999,0.8933399999999999,-0.000184
1111,-0.139297,0.990043,-0.019685,0.263137,0.5617300000000001,-0.160414
1112,-0.130669,0.991194,-0.0209169999999999,0.331734,0.180635,-0.432208
1113,-0.124055,0.99194,-0.025351,0.315339,0.051288,-0.555475
1114,-0.121904,0.992418,-0.014938,0.16971,-0.037828,-0.364365
1115,-0.123217,0.992337,0.007788,-0.0183389999999999,-0.112897,-0.286413
1116,-0.130685,0.991066,0.0261709999999999,-0.179984,-0.140053,-0.266818
1117,-0.143481,0.988992,0.035826,-0.234388,-0.142846,-0.296691
1118,-0.1561789999999999,0.986991,0.037857,-0.0655159999999999,-0.134482,-0.26268
1119,-0.164544,0.985909,0.0297389999999999,0.1741579999999999,-0.0304029999999999,-0.166168
1120,-0.167353,0.98579,0.013663,0.384822,0.095936,-0.135245
1121,-0.163095,0.986596,-0.002163,0.437173,0.089835,-0.1141549999999999
1122,-0.152095,0.988284,-0.011746,0.4224189999999999,-0.025195,-0.11565
1123,-0.14114,0.989864,-0.0149889999999999,0.33714,-0.077511,-0.164805
1124,-0.138951,0.99023,-0.0106349999999999,0.123448,-0.10638,-0.197434
1125,-0.146914,0.989136,0.001016,-0.113599,-0.065216,-0.246713
1126,-0.161973,0.986713,0.011683,-0.248305,0.0004849999999999,-0.277934
1127,-0.179253,0.983686,0.014347,-0.307884,0.014041,-0.1835359999999999
1128,-0.195618,0.980587,0.012536,-0.282211,-0.045971,-0.134317
1129,-0.210638,0.97752,0.0077659999999999,-0.168909,-0.192807,-0.03392
1130,-0.226113,0.974088,-0.000965,-0.040336,-0.288281,0.030445
1131,-0.244196,0.969669,-0.009281,-0.031637,-0.295245,0.07909
1132,-0.264882,0.964144,-0.015443,-0.086467,-0.290194,0.10904
1133,-0.285732,0.958068,-0.020929,-0.1200599999999999,-0.194274,0.132379
1134,-0.305434,0.95184,-0.0262,-0.121858,-0.133038,0.133897
1135,-0.3209639999999999,0.946589,-0.030447,-0.117971,-0.093684,0.139075
1136,-0.329184,0.943619,-0.03458,-0.14155,0.062805,0.221484
1137,-0.3296989999999999,0.943158,-0.041549,-0.1063819999999999,0.3256409999999999,0.2957909999999999
1138,-0.325319,0.944082,-0.053408,-0.004026,0.450114,0.3717519999999999
1139,-0.318474,0.945549,-0.066983,0.007118,0.438072,0.316738
1140,-0.314446,0.945823,-0.080743,-0.028892,0.4319699999999999,0.06527
1141,-0.311611,0.945338,-0.095971,-0.221119,0.332539,-0.101173
1142,-0.30906,0.944069,-0.1148589999999999,-0.197623,0.339851,-0.113397
1143,-0.30261,0.944055,-0.131015,-0.068896,0.3654699999999999,-0.2288329999999999
1144,-0.286319,0.947043,-0.145286,0.20409,0.4109739999999999,-0.417642
1145,-0.27003,0.949486,-0.159805,0.190318,0.223655,-0.369691
1146,-0.255527,0.952089,-0.167959,0.236927,0.030806,-0.311213
1147,-0.246502,0.954646,-0.166931,0.19334,-0.03393,-0.204621
1148,-0.244417,0.956211,-0.160932,0.1187759999999999,0.004589,-0.115145
1149,-0.245533,0.957233,-0.152955,0.069065,-0.003055,-0.128081
1150,-0.248256,0.957801,-0.144788,0.052791,-0.0330569999999999,-0.201236
1151,-0.251241,0.957883,-0.138978,0.059285,0.01459,-0.181609
1152,-0.251929,0.958397,-0.134106,0.041282,0.0445029999999999,-0.13982
1153,-0.247754,0.960235,-0.128618,-0.020206,0.092896,-0.021437
1154,-0.239378,0.96358,-0.119116,-0.009829,0.064329,-0.024835
1155,-0.227904,0.96792,-0.105671,0.050658,0.012213,-0.031185
1156,-0.216957,0.972101,-0.089018,0.128548,0.033591,-0.0099049999999999
1157,-0.208774,0.975471,-0.0696,0.093555,0.0335009999999999,0.045781
1158,-0.202064,0.977916,-0.05314,0.081291,-0.02119,0.082025
1159,-0.194301,0.979918,-0.044532,0.104549,-0.14192,0.102271
1160,-0.182978,0.982086,-0.044735,0.122965,-0.223541,0.11813
1161,-0.1691369999999999,0.984245,-0.051272,0.097345,-0.2241739999999999,0.1234609999999999
1162,-0.151138,0.986743,-0.058909,0.123215,-0.259387,0.128611
1163,-0.132624,0.989178,-0.062557,0.0606019999999999,-0.3867,0.0915179999999999
1164,-0.112974,0.991814,-0.059315,0.015638,-0.264946,0.09557
1165,-0.095705,0.994248,-0.047829,0.0067459999999999,-0.200577,0.1188589999999999
1166,-0.082329,0.996194,-0.028189,0.019356,-0.087655,0.150824
1167,-0.074513,0.997198,-0.004208,0.0593299999999999,0.033121,0.18591
1168,-0.073531,0.99707,0.020462,0.026748,0.134736,0.210006
1169,-0.080284,0.995846,0.04264,0.1592329999999999,0.347156,-0.044562
1170,-0.095119,0.99359,0.060858,0.172328,0.235536,-0.212058
1171,-0.113368,0.990445,0.078346,-0.187169,0.7960229999999999,0.131615
1172,-0.129195,0.987939,0.085191,-0.1321119999999999,0.667899,0.091917
1173,-0.124521,0.990054,0.065272,0.065591,0.074201,-0.277186
1174,-0.1144309999999999,0.992907,0.03185,0.07279,-0.0581529999999999,-0.459341
1175,-0.112917,0.993559,0.0079569999999999,0.066836,-0.2302989999999999,-0.208061
1176,-0.1182309999999999,0.992972,0.001212,0.098409,-0.272787,-0.150382
1177,-0.1262049999999999,0.991983,0.003721,0.137543,-0.264292,-0.139418
1178,-0.1318099999999999,0.991225,0.0084319999999999,0.149373,-0.041411,-0.143472
1179,-0.132678,0.991086,0.010822,0.10271,0.13341,-0.093402
1180,-0.1313119999999999,0.991281,0.009632,0.065303,0.147956,-0.060047
1181,-0.1302849999999999,0.991446,0.005682,0.062139,0.14367,-0.05271
1182,-0.133473,0.991038,0.000788,0.057332,0.124867,-0.005946
1183,-0.142888,0.989703,-0.00665,0.075551,0.110929,0.031704
1184,-0.156543,0.987485,-0.018474,0.154163,-0.113644,0.03175
1185,-0.172184,0.984482,-0.033488,0.108173,-0.40509,-0.018972
1186,-0.190155,0.980531,-0.048718,0.036697,-0.534532,-0.086109
1187,-0.21034,0.975668,-0.0616679999999999,0.034529,-0.5609649999999999,-0.109688
1188,-0.2302239999999999,0.970431,-0.0723549999999999,-0.026108,-0.4647699999999999,-0.132296
1189,-0.246912,0.965508,-0.082483,-0.044226,-0.327264,-0.129446
1190,-0.258023,0.961671,-0.092671,-0.049823,-0.2482619999999999,-0.127314
1191,-0.263444,0.959173,-0.102765,-0.072555,-0.097234,-0.096362
1192,-0.267584,0.957075,-0.111277,-0.142236,0.1000539999999999,0.052561
1193,-0.274659,0.954187,-0.118599,-0.127196,0.089087,0.141777
1194,-0.28404,0.950381,-0.1267829999999999,-0.120501,0.120542,0.188825
1195,-0.294813,0.945773,-0.136292,-0.160357,0.274182,0.193177
1196,-0.306637,0.940368,-0.147165,-0.142002,0.304688,0.175013
1197,-0.314172,0.936156,-0.157751,-0.14733,0.261125,0.11759
1198,-0.320233,0.932831,-0.165091,-0.134799,0.348312,-0.26008
1199,-0.317798,0.933143,-0.168005,-0.168652,0.320443,-0.258753
1200,-0.308159,0.936137,-0.169303,-0.1998059999999999,0.45574,-0.2093739999999999
1201,-0.299081,0.938118,-0.174538,-0.001548,0.400719,-0.037971
1202,-0.291776,0.939362,-0.180117,-0.008853,0.399474,-0.032392
1203,-0.2842909999999999,0.940939,-0.183818,0.295842,0.231989,-0.125218
1204,-0.2748739999999999,0.94328,-0.186131,0.437503,-0.068127,-0.194363
1205,-0.263547,0.946705,-0.185118,0.239346,-0.13535,-0.119005
1206,-0.25578,0.950512,-0.176293,0.134823,-0.15057,-0.075889
1207,-0.255885,0.953807,-0.157324,-0.014562,-0.165965,0.002752
1208,-0.262263,0.955656,-0.133848,-0.080449,-0.13072,0.01335
1209,-0.271604,0.955737,-0.113015,-0.124652,-0.016513,0.024759
1210,-0.279618,0.955179,-0.097062,-0.138991,0.147101,0.050339
1211,-0.279011,0.956474,-0.085353,-0.083782,0.260506,-0.040898
1212,-0.270242,0.959844,-0.075122,0.016718,0.19311,-0.077435
1213,-0.2608,0.96325,-0.064082,0.076871,0.066657,-0.035055
1214,-0.252346,0.965968,-0.0565769999999999,0.087169,-0.066737,0.027249
1215,-0.244538,0.968181,-0.052915,0.081726,-0.16595,0.057386
1216,-0.236956,0.970165,-0.051048,0.073016,-0.2498429999999999,0.04795
1217,-0.228384,0.972306,-0.04936,0.075185,-0.355942,0.058851
1218,-0.21648,0.975199,-0.045791,0.0718419999999999,-0.333399,0.080367
1219,-0.203175,0.978281,-0.040741,0.038396,-0.365946,0.068619
1220,-0.186631,0.981711,-0.0372199999999999,0.13733,-0.363181,0.0681809999999999
1221,-0.168355,0.985045,-0.0362759999999999,0.131138,-0.280577,0.0956019999999999
1222,-0.149909,0.988029,-0.036022,0.1028819999999999,-0.219887,0.1202049999999999
1223,-0.134131,0.990403,-0.0328959999999999,0.009055,-0.103868,0.20474
1224,-0.123529,0.992026,-0.024426,-0.023947,-0.00788,0.232312
1225,-0.119188,0.992779,-0.012539,-0.008742,0.022953,0.211666
1226,-0.1198359999999999,0.992779,-0.000272,0.029519,0.250263,0.165159
1227,-0.1247279999999999,0.9921,0.0123209999999999,-0.008435,0.164287,0.070046
1228,-0.132329,0.990848,0.02607,0.168126,0.415905,-0.218651
1229,-0.147369,0.988107,0.043561,-0.161957,0.821525,0.084186
1230,-0.156157,0.98665,0.045894,-0.1828779999999999,0.6115550000000001,0.229237
1231,-0.143786,0.989412,0.018982,0.068744,0.193328,-0.098618
1232,-0.130868,0.991228,-0.017652,0.091119,0.119429,-0.319797
1233,-0.127041,0.990884,-0.044512,0.056896,-0.059274,-0.210783
1234,-0.129414,0.989959,-0.056628,0.051625,-0.1678609999999999,-0.092649
1235,-0.137354,0.988668,-0.060357,0.158335,-0.214452,-0.1176069999999999
1236,-0.145415,0.987554,-0.0597039999999999,0.290984,-0.125051,-0.182621
1237,-0.150803,0.986883,-0.057388,0.260209,0.019328,-0.142716
1238,-0.154584,0.986401,-0.055586,0.2234469999999999,0.018451,-0.125612
1239,-0.158052,0.985887,-0.054948,0.1506819999999999,0.018675,-0.104308
1240,-0.160241,0.985503,-0.055507,0.020668,0.082079,-0.061025
1241,-0.164851,0.984783,-0.0547809999999999,-0.0165,0.078099,-0.058332
1242,-0.171855,0.983559,-0.0552289999999999,-0.054586,0.014259,-0.0564799999999999
1243,-0.1812359999999999,0.981575,-0.060308,0.006111,-0.149773,-0.040919
1244,-0.191919,0.978872,-0.070362,0.031473,-0.216176,-0.041043
1245,-0.202266,0.975906,-0.081664,0.074977,-0.303207,-0.058122
1246,-0.211815,0.973089,-0.090589,0.088875,-0.308996,-0.052157
1247,-0.220208,0.970715,-0.0958919999999999,0.064614,-0.303372,-0.033243
1248,-0.2280969999999999,0.968813,-0.096679,0.061791,-0.282595,-0.019867
1249,-0.2365239999999999,0.967029,-0.094261,0.043485,-0.237827,-0.0250479999999999
1250,-0.243663,0.96536,-0.093182,0.0033829999999999,-0.219281,-0.032307
1251,-0.249602,0.963714,-0.09449,-0.028322,-0.201675,-0.007606
1252,-0.254904,0.962141,-0.096343,-0.155359,-0.1351,0.076522
1253,-0.2589869999999999,0.96083,-0.098513,-0.186722,-0.1218559999999999,0.092653
1254,-0.2614599999999999,0.959821,-0.101761,-0.201324,-0.1115849999999999,0.0938259999999999
1255,-0.262651,0.958923,-0.107026,-0.204665,-0.075271,0.074769
1256,-0.263503,0.957993,-0.11309,-0.194886,-0.032685,0.095558
1257,-0.264932,0.956985,-0.118172,-0.206244,0.042817,0.1245349999999999
1258,-0.268935,0.955473,-0.121319,-0.211977,0.124727,0.160489
1259,-0.274755,0.953361,-0.124845,-0.19105,0.176583,0.177305
1260,-0.28057,0.950807,-0.131226,-0.09475,0.245391,0.1448819999999999
1261,-0.286308,0.94766,-0.141215,-0.028511,0.438173,-0.0286
1262,-0.288323,0.944955,-0.154615,0.012154,0.334831,0.007611
1263,-0.28826,0.942802,-0.167347,-0.078027,0.6529159999999999,-0.029812
1264,-0.2886289999999999,0.941085,-0.176149,-0.1249,0.554002,-0.11035
1265,-0.28007,0.942204,-0.183813,-0.046346,0.410762,-0.14129
1266,-0.268094,0.943677,-0.19384,0.043362,0.4439109999999999,-0.178108
1267,-0.255431,0.945152,-0.203513,0.097472,0.156425,-0.188073
1268,-0.243558,0.947402,-0.207571,0.126385,-0.04811,-0.219889
1269,-0.235138,0.950275,-0.204117,0.0994559999999999,-0.122913,-0.180801
1270,-0.230667,0.953904,-0.1919259999999999,0.059235,-0.1156619999999999,-0.1496579999999999
1271,-0.231717,0.957128,-0.173747,0.011502,-0.1212819999999999,-0.128865
1272,-0.23804,0.958996,-0.153744,-0.030393,-0.129849,-0.098758
1273,-0.245192,0.959824,-0.136353,-0.043169,-0.046372,-0.033783
1274,-0.2484469999999999,0.961078,-0.120735,-0.0415009999999999,0.096265,0.027488
1275,-0.243388,0.964167,-0.1054349999999999,-0.007222,0.133627,0.016736
1276,-0.232036,0.968572,-0.089439,0.0803789999999999,0.063594,0.005195
1277,-0.220007,0.972834,-0.0718419999999999,0.149694,-0.016124,-0.001247
1278,-0.210004,0.976086,-0.055911,0.140485,-0.060345,-0.008756
1279,-0.202311,0.978281,-0.044801,0.101832,-0.143152,0.006502
1280,-0.196366,0.979801,-0.037419,0.078202,-0.1819349999999999,-0.006374
1281,-0.190843,0.981147,-0.0299949999999999,0.075502,-0.199439,0.01408
1282,-0.183645,0.982743,-0.021462,0.089209,-0.305756,0.037606
1283,-0.17419,0.984608,-0.013203,0.098567,-0.344425,0.04697
1284,-0.163382,0.986522,-0.007086,0.101432,-0.388606,0.094336
1285,-0.150883,0.988531,-0.003173,0.0407,-0.286565,0.143554
1286,-0.138972,0.990279,0.001719,-0.01032,-0.2154829999999999,0.18688
1287,-0.130779,0.991334,0.011036,-0.054737,-0.146867,0.197247
1288,-0.126249,0.991643,0.025934,0.017957,0.06132,0.131918
1289,-0.1267869999999999,0.990963,0.043418,0.013018,0.127522,0.122643
1290,-0.134849,0.989096,0.0589149999999999,-0.097924,-0.0286319999999999,0.147308
1291,-0.146929,0.98656,0.071257,0.050005,0.35275,-0.1105329999999999
1292,-0.166979,0.982158,0.086308,-0.152754,0.544011,0.038097
1293,-0.179226,0.978796,0.098998,-0.205235,0.444605,0.075562
1294,-0.169504,0.981273,0.091309,-0.090094,0.350438,-0.115128
1295,-0.157545,0.98541,0.064135,-0.0478839999999999,0.236453,-0.166155
1296,-0.151811,0.987728,0.036251,0.071534,-0.013423,-0.199489
1297,-0.151224,0.988276,0.020232,0.061991,-0.094126,-0.106582
1298,-0.153995,0.98798,0.01217,0.133868,-0.106831,-0.1088799999999999
1299,-0.157272,0.987494,0.0093709999999999,0.220795,-0.052619,-0.134706
1300,-0.159548,0.987113,0.010929,0.184114,0.039438,-0.104985
1301,-0.161737,0.986739,0.012426,0.146722,0.073549,-0.089925
1302,-0.164412,0.986306,0.011598,0.080092,0.112738,-0.09398
1303,-0.16739,0.985817,0.010526,0.02939,0.1595069999999999,-0.072049
1304,-0.171796,0.985061,0.01036,-0.0804629999999999,0.092148,-0.026381
1305,-0.180346,0.983535,0.010079,-0.102308,0.0337839999999999,-0.021478
1306,-0.191281,0.981494,0.0068709999999999,-0.097506,-0.093357,-0.005314
1307,-0.204094,0.978933,-0.0014869999999999,-0.023765,-0.194372,-0.002022
1308,-0.218189,0.975774,-0.015045,0.048038,-0.313558,-0.022537
1309,-0.2306949999999999,0.97251,-0.031177,0.1302309999999999,-0.391349,-0.037777
1310,-0.242287,0.969135,-0.045207,0.151971,-0.4147369999999999,-0.035116
1311,-0.252052,0.966173,-0.05431,0.140267,-0.4121109999999999,-0.028042
1312,-0.2605659999999999,0.963676,-0.058332,0.079094,-0.333,0.009961
1313,-0.26843,0.961399,-0.06022,0.033079,-0.227787,0.007973
1314,-0.275234,0.959296,-0.062982,-0.009647,-0.1353059999999999,0.013909
1315,-0.280857,0.957353,-0.067558,-0.0597809999999999,-0.0700549999999999,0.027489
1316,-0.285835,0.955526,-0.072376,-0.118202,-0.024603,0.018527
1317,-0.290148,0.95391,-0.076417,-0.14781,-0.023353,0.039064
1318,-0.293878,0.952485,-0.0798659999999999,-0.190695,-0.016175,0.07007
1319,-0.297054,0.951128,-0.0841809999999999,-0.2357989999999999,-0.008073,0.077513
1320,-0.300636,0.94942,-0.090501,-0.226296,-0.005038,0.068986
1321,-0.304751,0.947341,-0.098203,-0.138868,-0.030074,0.078946
1322,-0.309029,0.945111,-0.1060079999999999,-0.105446,0.0914789999999999,0.135015
1323,-0.312259,0.942944,-0.115428,-0.082944,0.1072579999999999,0.175944
1324,-0.3110429999999999,0.941885,-0.126797,-0.045021,0.077173,0.215923
1325,-0.307204,0.94123,-0.140302,0.0272199999999999,0.429513,0.014158
1326,-0.301042,0.940795,-0.155729,0.053453,0.476304,-0.120791
1327,-0.294624,0.940601,-0.168641,-0.162712,0.3322719999999999,-0.017074
1328,-0.282452,0.942915,-0.17637,-0.181384,0.633746,-0.049597
1329,-0.278192,0.942808,-0.183566,-0.007559,0.433093,-0.181333
1330,-0.271013,0.942814,-0.1939789999999999,0.110216,0.196453,-0.236761
1331,-0.261287,0.94334,-0.204483,0.200695,-0.05984,-0.221908
1332,-0.251391,0.94488,-0.2097099999999999,0.197848,-0.251277,-0.1709359999999999
1333,-0.244748,0.947494,-0.205738,0.1111579999999999,-0.2640679999999999,-0.103497
1334,-0.241778,0.950518,-0.19502,0.0517759999999999,-0.238207,-0.088275
1335,-0.242582,0.952616,-0.18344,-0.028705,-0.1391089999999999,-0.068788
1336,-0.246121,0.953719,-0.172678,-0.056079,0.012284,-0.087087
1337,-0.25225,0.954312,-0.160101,-0.060907,0.117465,-0.0951019999999999
1338,-0.257167,0.955731,-0.14289,-0.048146,0.322864,-0.104501
1339,-0.255402,0.958799,-0.124287,-0.008621,0.243121,-0.074977
1340,-0.2486469999999999,0.962747,-0.1061339999999999,0.035069,0.097921,0.0271079999999999
1341,-0.239479,0.966563,-0.09153,0.112267,-0.029948,0.090523
1342,-0.22945,0.969661,-0.084145,0.145709,-0.148449,0.093941
1343,-0.218954,0.972175,-0.083097,0.139044,-0.1819069999999999,0.080122
1344,-0.207289,0.97469,-0.083551,0.121031,-0.215352,0.044535
1345,-0.1944519999999999,0.977449,-0.082177,0.112802,-0.279619,0.002495
1346,-0.180206,0.980524,-0.077895,0.115768,-0.30073,-0.006761
1347,-0.165965,0.983423,-0.0728309999999999,0.123301,-0.385508,0.004441
1348,-0.151473,0.986005,-0.069427,0.101531,-0.370938,0.0558009999999999
1349,-0.139127,0.987987,-0.067039,0.020581,-0.342129,0.099723
1350,-0.127821,0.989839,-0.062058,-0.051851,-0.181748,0.1874549999999999
1351,-0.119251,0.991457,-0.052544,-0.09135,-0.120013,0.235421
1352,-0.114121,0.992606,-0.040976,-0.096206,-0.025183,0.225622
1353,-0.1154589999999999,0.99286,-0.029445,-0.087635,-0.1086589999999999,0.172114
1354,-0.118658,0.992763,-0.017615,-0.065622,0.134312,0.1119609999999999
1355,-0.125147,0.992112,-0.004448,0.1241859999999999,0.208754,-0.154351
1356,-0.1363609999999999,0.990564,0.012475,0.020196,0.74616,-0.036706
1357,-0.151713,0.987986,0.028901,-0.286367,0.713583,0.2213889999999999
1358,-0.1476589999999999,0.988699,0.025284,-0.162567,0.426233,-0.02713
1359,-0.134178,0.990938,0.002643,0.047386,0.328276,-0.208637
1360,-0.125858,0.991759,-0.023287,0.086338,0.111054,-0.168027
1361,-0.122266,0.991581,-0.0422839999999999,-0.009815,-0.125736,-0.028441
1362,-0.124038,0.990684,-0.0559529999999999,0.018905,-0.172141,-0.049851
1363,-0.12802,0.989676,-0.064209,0.089156,-0.185843,-0.097702
1364,-0.132212,0.988906,-0.0675,0.21197,-0.106582,-0.225667
1365,-0.135203,0.98861,-0.065899,0.2127639999999999,-0.025948,-0.196491
1366,-0.137405,0.988644,-0.060623,0.175964,0.042713,-0.123932
1367,-0.140644,0.988541,-0.05457,0.114048,0.10582,-0.06306
1368,-0.147074,0.987885,-0.0492279999999999,0.035929,0.138793,-0.0221069999999999
1369,-0.15758,0.986437,-0.045626,0.002764,0.105344,-0.01193
1370,-0.170372,0.984317,-0.045448,-0.063667,-0.046374,-0.025032
