id;Attitude Roll;Attitude Pitch;Attitude Azimuth;Gravity X;Gravity Y;Gravity Z;Rotation Rate X;Rotation Rate Y;Rotation Rate Z;User Acceleration X;User Acceleration Z;User Acceleration Y
1;0.0;0.0;0.0;0.0;0.0;0.0;0.008521864;-0.006524552;-0.0005326165;5.0219364;0.5072784;-8.760123
2;0.0;0.0;0.0;0.0;0.0;0.0;0.008521864;-0.006524552;-0.0005326165;5.0219364;0.5072784;-8.760123
3;0.0;0.0;0.0;4.8502784;-8.508631;0.49839082;0.008521864;-0.006524552;-0.0005326165;5.0219364;0.5072784;-8.760123
4;0.0;0.0;0.0;4.8502784;-8.508631;0.49839082;0.0069240145;-0.0011983871;0.0013315412;5.0368915;0.48753762;-8.733803
5;0.0;0.0;0.0;4.8502784;-8.508631;0.49839082;0.0069240145;-0.0011983871;0.0013315412;5.0368915;0.48753762;-8.733803
6;0.0;0.0;0.0;4.8744903;-8.495404;0.48768747;0.0069240145;-0.0011983871;0.0013315412;5.0368915;0.48753762;-8.733803
7;0.0;0.0;0.0;4.8744903;-8.495404;0.48768747;0.015445879;-0.0045272405;0.00838871;5.00399;0.48454657;-8.750552
8;0.0;0.0;0.0;4.8744903;-8.495404;0.48768747;0.015445879;-0.0045272405;0.00838871;5.00399;0.48454657;-8.750552
9;0.0;0.0;0.0;4.8744903;-8.495404;0.48768747;0.015445879;-0.0045272405;0.00838871;5.00399;0.48454657;-8.750552
10;0.24057837;-0.64595425;0.71470827;4.863659;-8.500963;0.49883106;0.015445879;-0.0045272405;0.00838871;5.00399;0.48454657;-8.750552
11;0.24057837;-0.64595425;0.71470827;4.863659;-8.500963;0.49883106;0.008788172;0.013315413;0.015579033;5.0386863;0.5132605;-8.733205
12;0.24057837;-0.64595425;0.71470827;4.863659;-8.500963;0.49883106;0.008788172;0.013315413;0.015579033;5.0386863;0.5132605;-8.733205
13;0.24057837;-0.64595425;0.71470827;4.863659;-8.500963;0.49883106;0.008788172;0.013315413;0.015579033;5.0386863;0.5132605;-8.733205
14;0.24225293;-0.64488775;0.7155707;4.839737;-8.513525;0.5169401;0.008788172;0.013315413;0.015579033;5.0386863;0.5132605;-8.733205
15;0.24225293;-0.64488775;0.7155707;4.839737;-8.513525;0.5169401;0.13448566;0.21491076;0.057522584;5.0386863;0.5132605;-8.733205
16;0.24225293;-0.64488775;0.7155707;4.839737;-8.513525;0.5169401;0.13448566;0.21491076;0.057522584;5.1361938;1.1820544;-8.668598
17;0.24225293;-0.64488775;0.7155707;4.839737;-8.513525;0.5169401;0.13448566;0.21491076;0.057522584;5.1361938;1.1820544;-8.668598
18;0.24158256;-0.6444232;0.71643883;4.8145046;-8.491761;0.93856907;0.13448566;0.21491076;0.057522584;5.1361938;1.1820544;-8.668598
19;0.24158256;-0.6444232;0.71643883;4.8145046;-8.491761;0.93856907;-0.0074566314;0.06804176;0.047802333;5.1361938;1.1820544;-8.668598
20;0.24158256;-0.6444232;0.71643883;4.8145046;-8.491761;0.93856907;-0.0074566314;0.06804176;0.047802333;4.657031;0.4671986;-8.877372
21;0.24158256;-0.6444232;0.71643883;4.8145046;-8.491761;0.93856907;-0.0074566314;0.06804176;0.047802333;4.657031;0.4671986;-8.877372
22;0.24158256;-0.6444232;0.71643883;4.8145046;-8.491761;0.93856907;-0.0074566314;0.06804176;0.047802333;4.657031;0.4671986;-8.877372
23;0.22991234;-0.6318913;0.72989684;4.70827;-8.563893;0.8138303;-0.0074566314;0.06804176;0.047802333;4.657031;0.4671986;-8.877372
24;0.22991234;-0.6318913;0.72989684;4.70827;-8.563893;0.8138303;0.3852149;0.86670023;0.32130092;4.657031;0.4671986;-8.877372
25;0.22991234;-0.6318913;0.72989684;4.70827;-8.563893;0.8138303;0.3852149;0.86670023;0.32130092;4.302295;3.6311083;-9.406186
26;0.22991234;-0.6318913;0.72989684;4.70827;-8.563893;0.8138303;0.3852149;0.86670023;0.32130092;4.302295;3.6311083;-9.406186
27;0.22991234;-0.6318913;0.72989684;4.70827;-8.563893;0.8138303;0.3852149;0.86670023;0.32130092;4.302295;3.6311083;-9.406186
28;0.22435537;-0.6388825;0.72587323;3.962924;-8.674905;2.282903;0.3852149;0.86670023;0.32130092;4.302295;3.6311083;-9.406186
29;0.22435537;-0.6388825;0.72587323;3.962924;-8.674905;2.282903;1.4122326;1.3901291;0.3488638;3.6454654;4.471587;-9.245269
30;0.22435537;-0.6388825;0.72587323;3.962924;-8.674905;2.282903;1.4122326;1.3901291;0.3488638;3.6454654;4.471587;-9.245269
31;0.22435537;-0.6388825;0.72587323;3.962924;-8.674905;2.282903;1.4122326;1.3901291;0.3488638;3.6454654;4.471587;-9.245269
32;0.14811037;-0.6013881;0.7714155;2.4708946;-7.9201317;5.22844;1.4122326;1.3901291;0.3488638;3.6454654;4.471587;-9.245269
33;0.14811037;-0.6013881;0.7714155;2.4708946;-7.9201317;5.22844;1.205977;1.2684262;0.32609445;3.6454654;4.471587;-9.245269
34;0.14811037;-0.6013881;0.7714155;2.4708946;-7.9201317;5.22844;1.205977;1.2684262;0.32609445;0.68135625;5.672186;-7.2137623
35;0.14811037;-0.6013881;0.7714155;2.4708946;-7.9201317;5.22844;1.205977;1.2684262;0.32609445;0.68135625;5.672186;-7.2137623
36;0.14811037;-0.6013881;0.7714155;2.4708946;-7.9201317;5.22844;1.205977;1.2684262;0.32609445;0.68135625;5.672186;-7.2137623
37;0.04628571;-0.48091725;0.85694945;0.5054116;-6.657344;7.1829467;1.205977;1.2684262;0.32609445;0.68135625;5.672186;-7.2137623
38;0.04628571;-0.48091725;0.85694945;0.5054116;-6.657344;7.1829467;0.14660269;0.17110306;0.145138;0.68135625;5.672186;-7.2137623
39;0.04628571;-0.48091725;0.85694945;0.5054116;-6.657344;7.1829467;0.14660269;0.17110306;0.145138;-0.9164511;6.5958157;-5.014758
40;0.04628571;-0.48091725;0.85694945;0.5054116;-6.657344;7.1829467;0.14660269;0.17110306;0.145138;-0.9164511;6.5958157;-5.014758
41;0.04628571;-0.48091725;0.85694945;0.5054116;-6.657344;7.1829467;0.14660269;0.17110306;0.145138;-0.9164511;6.5958157;-5.014758
42;-0.05326102;-0.3618493;0.9078908;-0.0024395122;-6.4536853;7.3837876;0.14660269;0.17110306;0.145138;-0.9164511;6.5958157;-5.014758
43;-0.05326102;-0.3618493;0.9078908;-0.0024395122;-6.4536853;7.3837876;-0.2484656;-0.06551183;-0.08202294;-0.9601201;9.077172;-7.4273214
44;-0.05326102;-0.3618493;0.9078908;-0.0024395122;-6.4536853;7.3837876;-0.2484656;-0.06551183;-0.08202294;-0.9601201;9.077172;-7.4273214
45;-0.05326102;-0.3618493;0.9078908;-0.0024395122;-6.4536853;7.3837876;-0.2484656;-0.06551183;-0.08202294;-0.9601201;9.077172;-7.4273214
46;-0.05326102;-0.3618493;0.9078908;-0.0024395122;-6.4536853;7.3837876;-0.2484656;-0.06551183;-0.08202294;-0.9601201;9.077172;-7.4273214
47;-0.074845344;-0.34340903;0.9148009;0.06952054;-6.728618;7.1338105;-0.2484656;-0.06551183;-0.08202294;-0.9601201;9.077172;-7.4273214
48;-0.074845344;-0.34340903;0.9148009;0.06952054;-6.728618;7.1338105;-1.2110368;-1.7328678;-0.7475273;2.3030918;5.4352965;-7.946564
49;-0.074845344;-0.34340903;0.9148009;0.06952054;-6.728618;7.1338105;-1.2110368;-1.7328678;-0.7475273;2.3030918;5.4352965;-7.946564
50;-0.074845344;-0.34340903;0.9148009;0.06952054;-6.728618;7.1338105;-1.2110368;-1.7328678;-0.7475273;2.3030918;5.4352965;-7.946564
51;-0.07682655;-0.3610742;0.9069715;3.0505972;-7.9016814;4.9424357;-1.2110368;-1.7328678;-0.7475273;2.3030918;5.4352965;-7.946564
52;-0.07682655;-0.3610742;0.9069715;3.0505972;-7.9016814;4.9424357;-1.3605689;-1.225018;-0.4243622;2.3030918;5.4352965;-7.946564
53;-0.07682655;-0.3610742;0.9069715;3.0505972;-7.9016814;4.9424357;-1.3605689;-1.225018;-0.4243622;4.5744786;2.6362925;-8.063812
54;-0.07682655;-0.3610742;0.9069715;3.0505972;-7.9016814;4.9424357;-1.3605689;-1.225018;-0.4243622;4.5744786;2.6362925;-8.063812
55;-0.07682655;-0.3610742;0.9069715;3.0505972;-7.9016814;4.9424357;-1.3605689;-1.225018;-0.4243622;4.5744786;2.6362925;-8.063812
56;0.07115691;-0.4928921;0.84530556;4.562173;-8.477492;1.8679127;-1.3605689;-1.225018;-0.4243622;4.5744786;2.6362925;-8.063812
57;0.07115691;-0.4928921;0.84530556;4.562173;-8.477492;1.8679127;-0.7547176;-0.2821536;-0.44446847;4.5744786;2.6362925;-8.063812
58;0.07115691;-0.4928921;0.84530556;4.562173;-8.477492;1.8679127;-0.7547176;-0.2821536;-0.44446847;4.699504;1.727618;-8.016554
59;0.07115691;-0.4928921;0.84530556;4.562173;-8.477492;1.8679127;-0.7547176;-0.2821536;-0.44446847;4.699504;1.727618;-8.016554
60;0.07115691;-0.4928921;0.84530556;4.562173;-8.477492;1.8679127;-0.7547176;-0.2821536;-0.44446847;4.699504;1.727618;-8.016554
61;0.1631657;-0.6149308;0.7504293;5.358235;-8.2013855;0.443823;-0.7547176;-0.2821536;-0.44446847;4.699504;1.727618;-8.016554
62;0.1631657;-0.6149308;0.7504293;5.358235;-8.2013855;0.443823;0.0033288533;-0.3495296;0.11331416;4.699504;1.727618;-8.016554
63;0.1631657;-0.6149308;0.7504293;5.358235;-8.2013855;0.443823;0.0033288533;-0.3495296;0.11331416;5.523831;0.8446664;-8.33121
64;0.1631657;-0.6149308;0.7504293;5.358235;-8.2013855;0.443823;0.0033288533;-0.3495296;0.11331416;5.523831;0.8446664;-8.33121
65;0.1631657;-0.6149308;0.7504293;5.358235;-8.2013855;0.443823;0.0033288533;-0.3495296;0.11331416;5.523831;0.8446664;-8.33121
66;0.19321206;-0.6633554;0.6916404;5.194712;-8.315957;0.1738658;0.0033288533;-0.3495296;0.11331416;5.523831;0.8446664;-8.33121
67;0.19321206;-0.6633554;0.6916404;5.194712;-8.315957;0.1738658;-0.16244803;-0.48761043;0.14780109;5.523831;0.8446664;-8.33121
68;0.19321206;-0.6633554;0.6916404;5.194712;-8.315957;0.1738658;-0.16244803;-0.48761043;0.14780109;6.7094746;0.13998012;-10.948958
69;0.19321206;-0.6633554;0.6916404;5.194712;-8.315957;0.1738658;-0.16244803;-0.48761043;0.14780109;6.7094746;0.13998012;-10.948958
70;0.19321206;-0.6633554;0.6916404;5.194712;-8.315957;0.1738658;-0.16244803;-0.48761043;0.14780109;6.7094746;0.13998012;-10.948958
71;0.2059611;-0.66986215;0.68935966;4.9619117;-8.439331;-0.5722896;-0.16244803;-0.48761043;0.14780109;6.7094746;0.13998012;-10.948958
72;0.2059611;-0.66986215;0.68935966;4.9619117;-8.439331;-0.5722896;1.5572375;0.5201;0.6006583;6.7094746;0.13998012;-10.948958
73;0.2059611;-0.66986215;0.68935966;4.9619117;-8.439331;-0.5722896;1.5572375;0.5201;0.6006583;4.202395;2.2582264;-9.952946
74;0.2059611;-0.66986215;0.68935966;4.9619117;-8.439331;-0.5722896;1.5572375;0.5201;0.6006583;4.202395;2.2582264;-9.952946
75;0.2059611;-0.66986215;0.68935966;4.9619117;-8.439331;-0.5722896;1.5572375;0.5201;0.6006583;4.202395;2.2582264;-9.952946
76;0.2252275;-0.6917017;0.6701126;3.8160176;-8.673333;2.5261989;1.5572375;0.5201;0.6006583;4.202395;2.2582264;-9.952946
77;0.2252275;-0.6917017;0.6701126;3.8160176;-8.673333;2.5261989;1.8260757;1.3226199;0.3813534;4.202395;2.2582264;-9.952946
78;0.2252275;-0.6917017;0.6701126;3.8160176;-8.673333;2.5261989;1.8260757;1.3226199;0.3813534;3.0562327;2.9916265;-7.8400836
79;0.2252275;-0.6917017;0.6701126;3.8160176;-8.673333;2.5261989;1.8260757;1.3226199;0.3813534;3.0562327;2.9916265;-7.8400836
80;0.2252275;-0.6917017;0.6701126;3.8160176;-8.673333;2.5261989;1.8260757;1.3226199;0.3813534;3.0562327;2.9916265;-7.8400836
81;0.16646004;-0.58608085;0.7854581;2.1041882;-7.4248996;6.050921;1.8260757;1.3226199;0.3813534;3.0562327;2.9916265;-7.8400836
82;0.16646004;-0.58608085;0.7854581;2.1041882;-7.4248996;6.050921;0.9714925;0.67349356;0.14354014;3.0562327;2.9916265;-7.8400836
83;0.16646004;-0.58608085;0.7854581;2.1041882;-7.4248996;6.050921;0.9714925;0.67349356;0.14354014;0.9164511;5.06082;-5.471189
84;0.059723586;-0.4334997;0.89046925;1.0185114;-6.221122;7.512034;-0.5059857;-0.368038;-0.25099552;1.5643078;9.286545;-7.223932
85;0.007126572;-0.3419679;0.9303007;1.8314322;-6.8335433;6.7910914;-0.5059857;-0.368038;-0.25099552;1.5643078;9.286545;-7.223932
86;0.007126572;-0.3419679;0.9303007;1.8314322;-6.8335433;6.7910914;-1.2098384;-1.1272829;-0.5328828;2.6685956;4.202395;-7.713264
87;0.007126572;-0.3419679;0.9303007;1.8314322;-6.8335433;6.7910914;-1.2098384;-1.1272829;-0.5328828;2.6685956;4.202395;-7.713264
88;0.007126572;-0.3419679;0.9303007;1.8314322;-6.8335433;6.7910914;-1.2098384;-1.1272829;-0.5328828;2.6685956;4.202395;-7.713264
89;0.007126572;-0.3419679;0.9303007;1.8314322;-6.8335433;6.7910914;-1.2098384;-1.1272829;-0.5328828;2.6685956;4.202395;-7.713264
90;0.041953538;-0.3898597;0.9089389;3.7827628;-7.865609;4.4713855;-1.2098384;-1.1272829;-0.5328828;2.6685956;4.202395;-7.713264
91;0.041953538;-0.3898597;0.9089389;3.7827628;-7.865609;4.4713855;-1.3693571;-0.84259933;-0.17669553;2.6685956;4.202395;-7.713264
92;0.041953538;-0.3898597;0.9089389;3.7827628;-7.865609;4.4713855;-1.3693571;-0.84259933;-0.17669553;5.2827544;2.4299114;-8.165507
93;0.041953538;-0.3898597;0.9089389;3.7827628;-7.865609;4.4713855;-1.3693571;-0.84259933;-0.17669553;5.2827544;2.4299114;-8.165507
94;0.041953538;-0.3898597;0.9089389;3.7827628;-7.865609;4.4713855;-1.3693571;-0.84259933;-0.17669553;5.2827544;2.4299114;-8.165507
95;0.14126132;-0.50206375;0.8403323;4.576163;-8.529428;1.5741643;-1.3693571;-0.84259933;-0.17669553;5.2827544;2.4299114;-8.165507
96;0.14126132;-0.50206375;0.8403323;4.576163;-8.529428;1.5741643;-0.6685669;-0.575359;-0.5001269;5.2827544;2.4299114;-8.165507
97;0.14126132;-0.50206375;0.8403323;4.576163;-8.529428;1.5741643;-0.6685669;-0.575359;-0.5001269;4.991428;0.8111669;-8.029715
98;0.14126132;-0.50206375;0.8403323;4.576163;-8.529428;1.5741643;-0.6685669;-0.575359;-0.5001269;4.991428;0.8111669;-8.029715
99;0.14126132;-0.50206375;0.8403323;4.576163;-8.529428;1.5741643;-0.6685669;-0.575359;-0.5001269;4.991428;0.8111669;-8.029715
100;0.14126132;-0.50206375;0.8403323;4.576163;-8.529428;1.5741643;-0.6685669;-0.575359;-0.5001269;4.991428;0.8111669;-8.029715
101;0.19718477;-0.617137;0.74900526;5.4899797;-8.12586;-0.029855942;-0.6685669;-0.575359;-0.5001269;4.991428;0.8111669;-8.029715
102;0.19718477;-0.617137;0.74900526;5.4899797;-8.12586;-0.029855942;-0.097868286;-0.38481542;0.046337638;5.596214;0.89491564;-8.238488
103;0.19718477;-0.617137;0.74900526;5.4899797;-8.12586;-0.029855942;-0.097868286;-0.38481542;0.046337638;5.596214;0.89491564;-8.238488
104;0.19718477;-0.617137;0.74900526;5.4899797;-8.12586;-0.029855942;-0.097868286;-0.38481542;0.046337638;5.596214;0.89491564;-8.238488
105;0.19718477;-0.617137;0.74900526;5.4899797;-8.12586;-0.029855942;-0.097868286;-0.38481542;0.046337638;5.596214;0.89491564;-8.238488
106;0.2599038;-0.65876573;0.68925947;5.3851824;-8.177071;-0.55290437;0.052196417;-0.21144876;0.21504392;5.596214;0.89491564;-8.238488
107;0.2599038;-0.65876573;0.68925947;5.3851824;-8.177071;-0.55290437;0.052196417;-0.21144876;0.21504392;7.140183;-0.5886344;-10.502697
108;0.2599038;-0.65876573;0.68925947;5.3851824;-8.177071;-0.55290437;0.052196417;-0.21144876;0.21504392;7.140183;-0.5886344;-10.502697
109;0.27967206;-0.67080086;0.6748622;5.047616;-8.381527;-0.6648048;1.5929228;0.48428157;0.6543194;4.7826543;2.8432715;-10.203594
110;0.27967206;-0.67080086;0.6748622;5.047616;-8.381527;-0.6648048;1.5929228;0.48428157;0.6543194;4.7826543;2.8432715;-10.203594
111;0.27967206;-0.67080086;0.6748622;5.047616;-8.381527;-0.6648048;1.5929228;0.48428157;0.6543194;4.7826543;2.8432715;-10.203594
112;0.2818474;-0.67413473;0.6754492;3.8508413;-8.67258;2.4754329;1.5929228;0.48428157;0.6543194;4.7826543;2.8432715;-10.203594
113;0.2818474;-0.67413473;0.6754492;3.8508413;-8.67258;2.4754329;2.0275378;1.21117;0.32702655;3.1166515;2.914458;-7.372287
114;0.2818474;-0.67413473;0.6754492;3.8508413;-8.67258;2.4754329;2.0275378;1.21117;0.32702655;3.1166515;2.914458;-7.372287
115;0.2818474;-0.67413473;0.6754492;3.8508413;-8.67258;2.4754329;2.0275378;1.21117;0.32702655;3.1166515;2.914458;-7.372287
116;0.2818474;-0.67413473;0.6754492;3.8508413;-8.67258;2.4754329;2.0275378;1.21117;0.32702655;3.1166515;2.914458;-7.372287
117;0.21821798;-0.57111204;0.7902286;2.3025756;-7.177567;6.273043;2.0275378;1.21117;0.32702655;3.1166515;2.914458;-7.372287
118;0.21821798;-0.57111204;0.7902286;2.3025756;-7.177567;6.273043;0.7167687;0.72142905;0.0059919357;3.1166515;2.914458;-7.372287
119;0.21821798;-0.57111204;0.7902286;2.3025756;-7.177567;6.273043;0.7167687;0.72142905;0.0059919357;1.1934203;4.985446;-5.011169
120;0.21821798;-0.57111204;0.7902286;2.3025756;-7.177567;6.273043;0.7167687;0.72142905;0.0059919357;1.1934203;4.985446;-5.011169
121;0.21821798;-0.57111204;0.7902286;2.3025756;-7.177567;6.273043;0.7167687;0.72142905;0.0059919357;1.1934203;4.985446;-5.011169
122;0.21821798;-0.57111204;0.7902286;2.3025756;-7.177567;6.273043;0.7167687;0.72142905;0.0059919357;1.1934203;4.985446;-5.011169
123;0.112266056;-0.40934113;0.90462077;1.3057826;-6.269012;7.427301;0.7167687;0.72142905;0.0059919357;1.1934203;4.985446;-5.011169
124;0.112266056;-0.40934113;0.90462077;1.3057826;-6.269012;7.427301;-0.5139749;-0.24247366;-0.3384778;1.1724831;8.298309;-7.3160553
125;0.112266056;-0.40934113;0.90462077;1.3057826;-6.269012;7.427301;-0.5139749;-0.24247366;-0.3384778;1.1724831;8.298309;-7.3160553
126;0.112266056;-0.40934113;0.90462077;1.3057826;-6.269012;7.427301;-0.5139749;-0.24247366;-0.3384778;1.1724831;8.298309;-7.3160553
127;0.112266056;-0.40934113;0.90462077;1.3057826;-6.269012;7.427301;-0.5139749;-0.24247366;-0.3384778;1.1724831;8.298309;-7.3160553
128;0.05073044;-0.34458593;0.93574184;2.0564756;-6.840437;6.719353;-0.5139749;-0.24247366;-0.3384778;1.1724831;8.298309;-7.3160553
129;0.05073044;-0.34458593;0.93574184;2.0564756;-6.840437;6.719353;-1.5142287;-1.1931942;-0.30758604;1.1724831;8.298309;-7.3160553
130;0.05073044;-0.34458593;0.93574184;2.0564756;-6.840437;6.719353;-1.5142287;-1.1931942;-0.30758604;4.597809;4.1054854;-8.925228
131;0.05073044;-0.34458593;0.93574184;2.0564756;-6.840437;6.719353;-1.5142287;-1.1931942;-0.30758604;4.597809;4.1054854;-8.925228
132;0.05073044;-0.34458593;0.93574184;2.0564756;-6.840437;6.719353;-1.5142287;-1.1931942;-0.30758604;4.597809;4.1054854;-8.925228
133;0.05073044;-0.34458593;0.93574184;2.0564756;-6.840437;6.719353;-1.5142287;-1.1931942;-0.30758604;4.597809;4.1054854;-8.925228
134;0.081379995;-0.38831124;0.9145784;3.7124026;-8.255054;3.7739265;-1.5142287;-1.1931942;-0.30758604;4.597809;4.1054854;-8.925228
135;0.081379995;-0.38831124;0.9145784;3.7124026;-8.255054;3.7739265;-1.4077054;-0.19826649;-0.31770575;4.667799;2.2307088;-7.7593255
136;0.081379995;-0.38831124;0.9145784;3.7124026;-8.255054;3.7739265;-1.4077054;-0.19826649;-0.31770575;4.667799;2.2307088;-7.7593255
137;0.081379995;-0.38831124;0.9145784;3.7124026;-8.255054;3.7739265;-1.4077054;-0.19826649;-0.31770575;4.667799;2.2307088;-7.7593255
138;0.081379995;-0.38831124;0.9145784;3.7124026;-8.255054;3.7739265;-1.4077054;-0.19826649;-0.31770575;4.667799;2.2307088;-7.7593255
139;0.081379995;-0.38831124;0.9145784;3.7124026;-8.255054;3.7739265;-1.4077054;-0.19826649;-0.31770575;4.667799;2.2307088;-7.7593255
140;0.1853014;-0.52273005;0.82932335;4.4073462;-8.665369;1.287267;-1.4077054;-0.19826649;-0.31770575;4.667799;2.2307088;-7.7593255
141;0.1853014;-0.52273005;0.82932335;4.4073462;-8.665369;1.287267;-0.41344357;-0.5146407;-0.31477636;4.7605205;1.5122639;-8.2965145
142;0.1853014;-0.52273005;0.82932335;4.4073462;-8.665369;1.287267;-0.41344357;-0.5146407;-0.31477636;4.7605205;1.5122639;-8.2965145
143;0.1853014;-0.52273005;0.82932335;4.4073462;-8.665369;1.287267;-0.41344357;-0.5146407;-0.31477636;4.7605205;1.5122639;-8.2965145
144;0.1853014;-0.52273005;0.82932335;4.4073462;-8.665369;1.287267;-0.41344357;-0.5146407;-0.31477636;4.7605205;1.5122639;-8.2965145
145;0.20947649;-0.6248898;0.7439666;5.0008936;-8.4334755;0.19475871;-0.41344357;-0.5146407;-0.31477636;4.7605205;1.5122639;-8.2965145
146;0.20947649;-0.6248898;0.7439666;5.0008936;-8.4334755;0.19475871;-0.025965055;-0.66137654;0.15259463;4.7605205;1.5122639;-8.2965145
147;0.20947649;-0.6248898;0.7439666;5.0008936;-8.4334755;0.19475871;-0.025965055;-0.66137654;0.15259463;6.1860447;0.111266255;-9.291928
148;0.20947649;-0.6248898;0.7439666;5.0008936;-8.4334755;0.19475871;-0.025965055;-0.66137654;0.15259463;6.1860447;0.111266255;-9.291928
149;0.20947649;-0.6248898;0.7439666;5.0008936;-8.4334755;0.19475871;-0.025965055;-0.66137654;0.15259463;6.1860447;0.111266255;-9.291928
150;0.20947649;-0.6248898;0.7439666;5.0008936;-8.4334755;0.19475871;-0.025965055;-0.66137654;0.15259463;6.1860447;0.111266255;-9.291928
151;0.26084748;-0.64963734;0.7057062;4.752324;-8.567648;-0.42568818;-0.025965055;-0.66137654;0.15259463;6.1860447;0.111266255;-9.291928
152;0.26084748;-0.64963734;0.7057062;4.752324;-8.567648;-0.42568818;0.7768212;0.71916544;0.40998155;6.1860447;0.111266255;-9.291928
153;0.26084748;-0.64963734;0.7057062;4.752324;-8.567648;-0.42568818;0.7768212;0.71916544;0.40998155;5.096712;2.062613;-11.274981
154;0.26084748;-0.64963734;0.7057062;4.752324;-8.567648;-0.42568818;0.7768212;0.71916544;0.40998155;5.096712;2.062613;-11.274981
155;0.26084748;-0.64963734;0.7057062;4.752324;-8.567648;-0.42568818;0.7768212;0.71916544;0.40998155;5.096712;2.062613;-11.274981
156;0.26084748;-0.64963734;0.7057062;4.752324;-8.567648;-0.42568818;0.7768212;0.71916544;0.40998155;5.096712;2.062613;-11.274981
157;0.29667106;-0.6585517;0.6891989;3.9941683;-8.83539;1.4672738;0.7768212;0.71916544;0.40998155;5.096712;2.062613;-11.274981
158;0.29667106;-0.6585517;0.6891989;3.9941683;-8.83539;1.4672738;2.1690807;0.0969362;0.41690558;4.087539;2.7242286;-8.379665
159;0.29667106;-0.6585517;0.6891989;3.9941683;-8.83539;1.4672738;2.1690807;0.0969362;0.41690558;4.087539;2.7242286;-8.379665
160;0.29667106;-0.6585517;0.6891989;3.9941683;-8.83539;1.4672738;2.1690807;0.0969362;0.41690558;4.087539;2.7242286;-8.379665
161;0.29667106;-0.6585517;0.6891989;3.9941683;-8.83539;1.4672738;2.1690807;0.0969362;0.41690558;4.087539;2.7242286;-8.379665
162;0.29667106;-0.6585517;0.6891989;3.9941683;-8.83539;1.4672738;2.1690807;0.0969362;0.41690558;4.087539;2.7242286;-8.379665
163;0.2260406;-0.6116335;0.7562753;3.308751;-7.740431;5.030733;2.1690807;0.0969362;0.41690558;4.087539;2.7242286;-8.379665
164;0.2260406;-0.6116335;0.7562753;3.308751;-7.740431;5.030733;1.3794768;1.0647004;0.23621543;4.087539;2.7242286;-8.379665
165;0.2260406;-0.6116335;0.7562753;3.308751;-7.740431;5.030733;1.3794768;1.0647004;0.23621543;1.8490537;4.4189453;-5.5704913
166;0.2260406;-0.6116335;0.7562753;3.308751;-7.740431;5.030733;1.3794768;1.0647004;0.23621543;1.8490537;4.4189453;-5.5704913
167;0.2260406;-0.6116335;0.7562753;3.308751;-7.740431;5.030733;1.3794768;1.0647004;0.23621543;1.8490537;4.4189453;-5.5704913
168;0.2260406;-0.6116335;0.7562753;3.308751;-7.740431;5.030733;1.3794768;1.0647004;0.23621543;1.8490537;4.4189453;-5.5704913
169;-0.20578246;0.44850594;-0.8694691;1.659365;-6.2326875;7.387185;1.3794768;1.0647004;0.23621543;1.8490537;4.4189453;-5.5704913
170;-0.20578246;0.44850594;-0.8694691;1.659365;-6.2326875;7.387185;-0.3259613;-0.4139762;0.08868065;1.8490537;4.4189453;-5.5704913
171;-0.20578246;0.44850594;-0.8694691;1.659365;-6.2326875;7.387185;-0.3259613;-0.4139762;0.08868065;1.7413766;7.0749784;-5.965905
172;-0.20578246;0.44850594;-0.8694691;1.659365;-6.2326875;7.387185;-0.3259613;-0.4139762;0.08868065;1.7413766;7.0749784;-5.965905
173;-0.20578246;0.44850594;-0.8694691;1.659365;-6.2326875;7.387185;-0.3259613;-0.4139762;0.08868065;1.7413766;7.0749784;-5.965905
174;-0.20578246;0.44850594;-0.8694691;1.659365;-6.2326875;7.387185;-0.3259613;-0.4139762;0.08868065;1.7413766;7.0749784;-5.965905
175;-0.101497196;0.33623907;-0.9357828;2.1187627;-6.700418;6.840002;-0.3259613;-0.4139762;0.08868065;1.7413766;7.0749784;-5.965905
176;-0.101497196;0.33623907;-0.9357828;2.1187627;-6.700418;6.840002;-1.166297;-1.2485863;-0.1758966;3.377469;5.4317074;-8.99821
177;-0.101497196;0.33623907;-0.9357828;2.1187627;-6.700418;6.840002;-1.166297;-1.2485863;-0.1758966;3.377469;5.4317074;-8.99821
178;-0.101497196;0.33623907;-0.9357828;2.1187627;-6.700418;6.840002;-1.166297;-1.2485863;-0.1758966;3.377469;5.4317074;-8.99821
179;-0.101497196;0.33623907;-0.9357828;2.1187627;-6.700418;6.840002;-1.166297;-1.2485863;-0.1758966;3.377469;5.4317074;-8.99821
180;-0.101497196;0.33623907;-0.9357828;2.1187627;-6.700418;6.840002;-1.166297;-1.2485863;-0.1758966;3.377469;5.4317074;-8.99821
181;-0.13858046;0.36339015;-0.9197199;3.716828;-7.8902397;4.483267;-1.166297;-1.2485863;-0.1758966;3.377469;5.4317074;-8.99821
182;-0.13858046;0.36339015;-0.9197199;3.716828;-7.8902397;4.483267;-1.2315426;-0.54553246;-0.04101147;4.916652;2.6004;-8.02792
183;-0.13858046;0.36339015;-0.9197199;3.716828;-7.8902397;4.483267;-1.2315426;-0.54553246;-0.04101147;4.916652;2.6004;-8.02792
184;-0.13858046;0.36339015;-0.9197199;3.716828;-7.8902397;4.483267;-1.2315426;-0.54553246;-0.04101147;4.916652;2.6004;-8.02792
185;-0.13858046;0.36339015;-0.9197199;3.716828;-7.8902397;4.483267;-1.2315426;-0.54553246;-0.04101147;4.916652;2.6004;-8.02792
186;-0.13858046;0.36339015;-0.9197199;3.716828;-7.8902397;4.483267;-1.2315426;-0.54553246;-0.04101147;4.916652;2.6004;-8.02792
187;-0.25976834;0.4515943;-0.85071874;4.1853843;-8.62459;2.066252;-1.2315426;-0.54553246;-0.04101147;4.916652;2.6004;-8.02792
188;-0.25976834;0.4515943;-0.85071874;4.1853843;-8.62459;2.066252;-0.6219629;-0.3860138;-0.4075848;4.851448;2.0979073;-8.196614
189;-0.25976834;0.4515943;-0.85071874;4.1853843;-8.62459;2.066252;-0.6219629;-0.3860138;-0.4075848;4.851448;2.0979073;-8.196614
190;-0.25976834;0.4515943;-0.85071874;4.1853843;-8.62459;2.066252;-0.6219629;-0.3860138;-0.4075848;4.851448;2.0979073;-8.196614
191;-0.25976834;0.4515943;-0.85071874;4.1853843;-8.62459;2.066252;-0.6219629;-0.3860138;-0.4075848;4.851448;2.0979073;-8.196614
192;-0.25976834;0.4515943;-0.85071874;4.1853843;-8.62459;2.066252;-0.6219629;-0.3860138;-0.4075848;4.851448;2.0979073;-8.196614
193;-0.31611085;0.54288524;-0.77582675;4.975281;-8.416798;0.7579498;-0.6219629;-0.3860138;-0.4075848;4.851448;2.0979073;-8.196614
194;-0.31611085;0.54288524;-0.77582675;4.975281;-8.416798;0.7579498;-0.0612509;-0.7418016;0.06324821;5.189434;1.3710874;-8.321639
195;-0.31611085;0.54288524;-0.77582675;4.975281;-8.416798;0.7579498;-0.0612509;-0.7418016;0.06324821;5.189434;1.3710874;-8.321639
196;-0.31611085;0.54288524;-0.77582675;4.975281;-8.416798;0.7579498;-0.0612509;-0.7418016;0.06324821;5.189434;1.3710874;-8.321639
197;-0.31611085;0.54288524;-0.77582675;4.975281;-8.416798;0.7579498;-0.0612509;-0.7418016;0.06324821;5.189434;1.3710874;-8.321639
198;-0.31611085;0.54288524;-0.77582675;4.975281;-8.416798;0.7579498;-0.0612509;-0.7418016;0.06324821;5.189434;1.3710874;-8.321639
199;-0.36931327;0.5700553;-0.7333072;4.915964;-8.485495;-0.0076963725;-0.0612509;-0.7418016;0.06324821;5.189434;1.3710874;-8.321639
200;-0.36931327;0.5700553;-0.7333072;4.915964;-8.485495;-0.0076963725;0.23048979;-0.4334167;0.26377833;6.3942204;-0.36430725;-11.294721
201;-0.36931327;0.5700553;-0.7333072;4.915964;-8.485495;-0.0076963725;0.23048979;-0.4334167;0.26377833;6.3942204;-0.36430725;-11.294721
202;-0.36931327;0.5700553;-0.7333072;4.915964;-8.485495;-0.0076963725;0.23048979;-0.4334167;0.26377833;6.3942204;-0.36430725;-11.294721
203;-0.36931327;0.5700553;-0.7333072;4.915964;-8.485495;-0.0076963725;0.23048979;-0.4334167;0.26377833;6.3942204;-0.36430725;-11.294721
204;-0.36931327;0.5700553;-0.7333072;4.915964;-8.485495;-0.0076963725;0.23048979;-0.4334167;0.26377833;6.3942204;-0.36430725;-11.294721
205;-0.41806248;0.57062787;-0.7027712;4.4998255;-8.713179;-0.04993036;0.23048979;-0.4334167;0.26377833;6.3942204;-0.36430725;-11.294721
206;-0.41806248;0.57062787;-0.7027712;4.4998255;-8.713179;-0.04993036;2.055234;0.02037258;0.43927547;3.5443685;2.5082762;-10.548161
207;-0.41806248;0.57062787;-0.7027712;4.4998255;-8.713179;-0.04993036;2.055234;0.02037258;0.43927547;3.5443685;2.5082762;-10.548161
208;-0.41806248;0.57062787;-0.7027712;4.4998255;-8.713179;-0.04993036;2.055234;0.02037258;0.43927547;3.5443685;2.5082762;-10.548161
209;-0.41806248;0.57062787;-0.7027712;4.4998255;-8.713179;-0.04993036;2.055234;0.02037258;0.43927547;3.5443685;2.5082762;-10.548161
210;-0.43451163;0.56012976;-0.6935201;3.6991575;-8.4112015;3.4261222;2.055234;0.02037258;0.43927547;3.5443685;2.5082762;-10.548161
211;-0.43451163;0.56012976;-0.6935201;3.6991575;-8.4112015;3.4261222;1.8770738;0.47882223;0.48521364;3.5443685;2.5082762;-10.548161
212;-0.43451163;0.56012976;-0.6935201;3.6991575;-8.4112015;3.4261222;1.8770738;0.47882223;0.48521364;2.3653052;3.7447674;-6.9930243
213;-0.43451163;0.56012976;-0.6935201;3.6991575;-8.4112015;3.4261222;1.8770738;0.47882223;0.48521364;2.3653052;3.7447674;-6.9930243
214;-0.43451163;0.56012976;-0.6935201;3.6991575;-8.4112015;3.4261222;1.8770738;0.47882223;0.48521364;2.3653052;3.7447674;-6.9930243
215;-0.43451163;0.56012976;-0.6935201;3.6991575;-8.4112015;3.4261222;1.8770738;0.47882223;0.48521364;2.3653052;3.7447674;-6.9930243
216;-0.3749557;0.429796;-0.7839666;2.469033;-6.9445157;6.469001;1.8770738;0.47882223;0.48521364;2.3653052;3.7447674;-6.9930243
217;-0.3749557;0.429796;-0.7839666;2.469033;-6.9445157;6.469001;0.7655031;0.6006583;0.4824174;2.3653052;3.7447674;-6.9930243
218;-0.3749557;0.429796;-0.7839666;2.469033;-6.9445157;6.469001;0.7655031;0.6006583;0.4824174;1.0241281;5.8474603;-4.3609195
219;-0.3749557;0.429796;-0.7839666;2.469033;-6.9445157;6.469001;0.7655031;0.6006583;0.4824174;1.0241281;5.8474603;-4.3609195
220;-0.3749557;0.429796;-0.7839666;2.469033;-6.9445157;6.469001;0.7655031;0.6006583;0.4824174;1.0241281;5.8474603;-4.3609195
221;-0.3749557;0.429796;-0.7839666;2.469033;-6.9445157;6.469001;0.7655031;0.6006583;0.4824174;1.0241281;5.8474603;-4.3609195
222;-0.2697103;0.31213638;-0.84896857;1.037383;-6.071479;7.6309485;0.7655031;0.6006583;0.4824174;1.0241281;5.8474603;-4.3609195
223;-0.2697103;0.31213638;-0.84896857;1.037383;-6.071479;7.6309485;-0.41437563;-0.4014597;0.025432438;1.0241281;5.8474603;-4.3609195
224;-0.2697103;0.31213638;-0.84896857;1.037383;-6.071479;7.6309485;-0.41437563;-0.4014597;0.025432438;0.6771688;8.316256;-7.0019975
225;-0.2697103;0.31213638;-0.84896857;1.037383;-6.071479;7.6309485;-0.41437563;-0.4014597;0.025432438;0.6771688;8.316256;-7.0019975
226;-0.2697103;0.31213638;-0.84896857;1.037383;-6.071479;7.6309485;-0.41437563;-0.4014597;0.025432438;0.6771688;8.316256;-7.0019975
227;-0.2697103;0.31213638;-0.84896857;1.037383;-6.071479;7.6309485;-0.41437563;-0.4014597;0.025432438;0.6771688;8.316256;-7.0019975
228;-0.18128991;0.27939916;-0.86612654;1.5374374;-6.6406384;7.0504327;-0.41437563;-0.4014597;0.025432438;0.6771688;8.316256;-7.0019975
229;-0.18128991;0.27939916;-0.86612654;1.5374374;-6.6406384;7.0504327;-1.3174269;-1.7971812;-0.0026630824;0.6771688;8.316256;-7.0019975
230;-0.18128991;0.27939916;-0.86612654;1.5374374;-6.6406384;7.0504327;-1.3174269;-1.7971812;-0.0026630824;4.343571;3.9607196;-8.614759
231;-0.18128991;0.27939916;-0.86612654;1.5374374;-6.6406384;7.0504327;-1.3174269;-1.7971812;-0.0026630824;4.343571;3.9607196;-8.614759
232;-0.18128991;0.27939916;-0.86612654;1.5374374;-6.6406384;7.0504327;-1.3174269;-1.7971812;-0.0026630824;4.343571;3.9607196;-8.614759
233;-0.18128991;0.27939916;-0.86612654;1.5374374;-6.6406384;7.0504327;-1.3174269;-1.7971812;-0.0026630824;4.343571;3.9607196;-8.614759
234;-0.2263477;0.2988222;-0.84621966;3.5614724;-8.121219;4.1871347;-1.3174269;-1.7971812;-0.0026630824;4.343571;3.9607196;-8.614759
235;-0.2263477;0.2988222;-0.84621966;3.5614724;-8.121219;4.1871347;-1.035806;-0.68827367;-0.11451255;4.9250274;2.0147567;-8.733803
236;-0.2263477;0.2988222;-0.84621966;3.5614724;-8.121219;4.1871347;-1.035806;-0.68827367;-0.11451255;4.9250274;2.0147567;-8.733803
237;-0.2263477;0.2988222;-0.84621966;3.5614724;-8.121219;4.1871347;-1.035806;-0.68827367;-0.11451255;4.9250274;2.0147567;-8.733803
238;-0.2263477;0.2988222;-0.84621966;3.5614724;-8.121219;4.1871347;-1.035806;-0.68827367;-0.11451255;4.9250274;2.0147567;-8.733803
239;-0.2263477;0.2988222;-0.84621966;3.5614724;-8.121219;4.1871347;-1.035806;-0.68827367;-0.11451255;4.9250274;2.0147567;-8.733803
240;-0.4188361;0.33330446;-0.74713063;4.22146;-8.637083;1.9366088;-1.035806;-0.68827367;-0.11451255;4.9250274;2.0147567;-8.733803
241;-0.4188361;0.33330446;-0.74713063;4.22146;-8.637083;1.9366088;-0.38068765;-0.80212045;-0.27829212;4.858028;1.6540387;-8.002197
242;-0.4188361;0.33330446;-0.74713063;4.22146;-8.637083;1.9366088;-0.38068765;-0.80212045;-0.27829212;4.858028;1.6540387;-8.002197
243;-0.4188361;0.33330446;-0.74713063;4.22146;-8.637083;1.9366088;-0.38068765;-0.80212045;-0.27829212;4.858028;1.6540387;-8.002197
244;-0.4188361;0.33330446;-0.74713063;4.22146;-8.637083;1.9366088;-0.38068765;-0.80212045;-0.27829212;4.858028;1.6540387;-8.002197
245;-0.4188361;0.33330446;-0.74713063;4.22146;-8.637083;1.9366088;-0.38068765;-0.80212045;-0.27829212;4.858028;1.6540387;-8.002197
246;-0.5109703;0.3743926;-0.6849647;4.8749304;-8.486066;0.62620264;-0.38068765;-0.80212045;-0.27829212;4.858028;1.6540387;-8.002197
247;-0.5109703;0.3743926;-0.6849647;4.8749304;-8.486066;0.62620264;-0.07643047;-0.934742;0.19467133;5.785247;0.060418773;-9.002397
248;-0.5109703;0.3743926;-0.6849647;4.8749304;-8.486066;0.62620264;-0.07643047;-0.934742;0.19467133;5.785247;0.060418773;-9.002397
249;-0.5109703;0.3743926;-0.6849647;4.8749304;-8.486066;0.62620264;-0.07643047;-0.934742;0.19467133;5.785247;0.060418773;-9.002397
250;-0.5109703;0.3743926;-0.6849647;4.8749304;-8.486066;0.62620264;-0.07643047;-0.934742;0.19467133;5.785247;0.060418773;-9.002397
251;-0.584476;0.35561264;-0.6390791;4.6003675;-8.654095;-0.33711886;-0.07643047;-0.934742;0.19467133;5.785247;0.060418773;-9.002397
252;-0.584476;0.35561264;-0.6390791;4.6003675;-8.654095;-0.33711886;-0.07643047;-0.934742;0.19467133;5.785247;0.060418773;-9.002397
253;-0.584476;0.35561264;-0.6390791;4.6003675;-8.654095;-0.33711886;0.49626544;0.3236977;0.31397742;5.0937214;1.2107682;-10.957334
254;-0.584476;0.35561264;-0.6390791;4.6003675;-8.654095;-0.33711886;0.49626544;0.3236977;0.31397742;5.0937214;1.2107682;-10.957334
255;-0.584476;0.35561264;-0.6390791;4.6003675;-8.654095;-0.33711886;0.49626544;0.3236977;0.31397742;5.0937214;1.2107682;-10.957334
256;-0.584476;0.35561264;-0.6390791;4.6003675;-8.654095;-0.33711886;0.49626544;0.3236977;0.31397742;5.0937214;1.2107682;-10.957334
257;-0.584476;0.35561264;-0.6390791;4.6003675;-8.654095;-0.33711886;0.49626544;0.3236977;0.31397742;5.0937214;1.2107682;-10.957334
258;-0.63564336;0.3363715;-0.5752481;4.086648;-8.883508;0.743631;0.49626544;0.3236977;0.31397742;5.0937214;1.2107682;-10.957334
259;-0.63564336;0.3363715;-0.5752481;4.086648;-8.883508;0.743631;2.3052974;0.05059857;0.39866346;4.106682;2.7631118;-10.004392
260;-0.63564336;0.3363715;-0.5752481;4.086648;-8.883508;0.743631;2.3052974;0.05059857;0.39866346;4.106682;2.7631118;-10.004392
261;-0.63564336;0.3363715;-0.5752481;4.086648;-8.883508;0.743631;2.3052974;0.05059857;0.39866346;4.106682;2.7631118;-10.004392
262;-0.63564336;0.3363715;-0.5752481;4.086648;-8.883508;0.743631;2.3052974;0.05059857;0.39866346;4.106682;2.7631118;-10.004392
263;-0.63564336;0.3363715;-0.5752481;4.086648;-8.883508;0.743631;2.3052974;0.05059857;0.39866346;4.106682;2.7631118;-10.004392
264;-0.5886109;0.3400332;-0.59871143;3.3960817;-7.9819736;4.574396;2.3052974;0.05059857;0.39866346;4.106682;2.7631118;-10.004392
265;-0.5886109;0.3400332;-0.59871143;3.3960817;-7.9819736;4.574396;1.7696184;1.0195612;0.15911919;1.9357935;3.559922;-6.1495543
266;-0.5886109;0.3400332;-0.59871143;3.3960817;-7.9819736;4.574396;1.7696184;1.0195612;0.15911919;1.9357935;3.559922;-6.1495543
267;-0.5886109;0.3400332;-0.59871143;3.3960817;-7.9819736;4.574396;1.7696184;1.0195612;0.15911919;1.9357935;3.559922;-6.1495543
268;-0.5886109;0.3400332;-0.59871143;3.3960817;-7.9819736;4.574396;1.7696184;1.0195612;0.15911919;1.9357935;3.559922;-6.1495543
269;-0.5886109;0.3400332;-0.59871143;3.3960817;-7.9819736;4.574396;1.7696184;1.0195612;0.15911919;1.9357935;3.559922;-6.1495543
270;-0.46591577;0.22291972;-0.64248174;1.9236224;-6.058993;7.4671726;1.7696184;1.0195612;0.15911919;1.9357935;3.559922;-6.1495543
271;-0.46591577;0.22291972;-0.64248174;1.9236224;-6.058993;7.4671726;-0.24886507;-0.2786916;0.041144624;1.4051851;6.7591257;-5.0889354
272;-0.46591577;0.22291972;-0.64248174;1.9236224;-6.058993;7.4671726;-0.24886507;-0.2786916;0.041144624;1.4051851;6.7591257;-5.0889354
273;-0.46591577;0.22291972;-0.64248174;1.9236224;-6.058993;7.4671726;-0.24886507;-0.2786916;0.041144624;1.4051851;6.7591257;-5.0889354
274;-0.46591577;0.22291972;-0.64248174;1.9236224;-6.058993;7.4671726;-0.24886507;-0.2786916;0.041144624;1.4051851;6.7591257;-5.0889354
275;-0.46591577;0.22291972;-0.64248174;1.9236224;-6.058993;7.4671726;-0.24886507;-0.2786916;0.041144624;1.4051851;6.7591257;-5.0889354
276;-0.46591577;0.22291972;-0.64248174;2.254925;-6.4269958;7.055454;-0.24886507;-0.2786916;0.041144624;1.4051851;6.7591257;-5.0889354
277;-0.2967853;0.17663139;-0.70148623;2.254925;-6.4269958;7.055454;-1.39692;-1.3318076;-0.037815772;3.804588;4.9692945;-9.690333
278;-0.2967853;0.17663139;-0.70148623;2.254925;-6.4269958;7.055454;-1.39692;-1.3318076;-0.037815772;3.804588;4.9692945;-9.690333
279;-0.2967853;0.17663139;-0.70148623;2.254925;-6.4269958;7.055454;-1.39692;-1.3318076;-0.037815772;3.804588;4.9692945;-9.690333
280;-0.2967853;0.17663139;-0.70148623;2.254925;-6.4269958;7.055454;-1.39692;-1.3318076;-0.037815772;3.804588;4.9692945;-9.690333
281;-0.2967853;0.17663139;-0.70148623;3.7603087;-7.9718843;4.2987843;-1.39692;-1.3318076;-0.037815772;3.804588;4.9692945;-9.690333
282;-0.32915267;0.17869104;-0.68721414;3.7603087;-7.9718843;4.2987843;-1.39692;-1.3318076;-0.037815772;3.804588;4.9692945;-9.690333
283;-0.32915267;0.17869104;-0.68721414;3.7603087;-7.9718843;4.2987843;-1.6200863;-0.12636326;-0.24393836;4.668397;1.8831514;-8.109874
284;-0.32915267;0.17869104;-0.68721414;3.7603087;-7.9718843;4.2987843;-1.6200863;-0.12636326;-0.24393836;4.668397;1.8831514;-8.109874
285;-0.32915267;0.17869104;-0.68721414;3.7603087;-7.9718843;4.2987843;-1.6200863;-0.12636326;-0.24393836;4.668397;1.8831514;-8.109874
286;-0.32915267;0.17869104;-0.68721414;3.7603087;-7.9718843;4.2987843;-1.6200863;-0.12636326;-0.24393836;4.668397;1.8831514;-8.109874
287;-0.49518955;0.188707;-0.6112014;4.33647;-8.662455;1.525546;-1.6200863;-0.12636326;-0.24393836;4.668397;1.8831514;-8.109874
288;-0.49518955;0.188707;-0.6112014;4.33647;-8.662455;1.525546;-1.6200863;-0.12636326;-0.24393836;4.668397;1.8831514;-8.109874
289;-0.49518955;0.188707;-0.6112014;4.33647;-8.662455;1.525546;-0.5794868;-0.41024786;-0.36404338;4.738387;1.6761723;-8.413164
290;-0.49518955;0.188707;-0.6112014;4.33647;-8.662455;1.525546;-0.5794868;-0.41024786;-0.36404338;4.738387;1.6761723;-8.413164
291;-0.49518955;0.188707;-0.6112014;4.33647;-8.662455;1.525546;-0.5794868;-0.41024786;-0.36404338;4.738387;1.6761723;-8.413164
292;-0.49518955;0.188707;-0.6112014;4.33647;-8.662455;1.525546;-0.5794868;-0.41024786;-0.36404338;4.738387;1.6761723;-8.413164
293;-0.5941552;0.26305586;-0.5863042;4.979134;-8.444966;0.24729098;-0.5794868;-0.41024786;-0.36404338;4.738387;1.6761723;-8.413164
294;-0.5941552;0.26305586;-0.5863042;4.979134;-8.444966;0.24729098;-0.5794868;-0.41024786;-0.36404338;4.738387;1.6761723;-8.413164
295;-0.5941552;0.26305586;-0.5863042;4.979134;-8.444966;0.24729098;-0.08202294;-0.41663927;0.1207708;6.0831532;0.3684947;-9.2177515
296;-0.5941552;0.26305586;-0.5863042;4.979134;-8.444966;0.24729098;-0.08202294;-0.41663927;0.1207708;6.0831532;0.3684947;-9.2177515
297;-0.5941552;0.26305586;-0.5863042;4.979134;-8.444966;0.24729098;-0.08202294;-0.41663927;0.1207708;6.0831532;0.3684947;-9.2177515
298;-0.5941552;0.26305586;-0.5863042;4.979134;-8.444966;0.24729098;-0.08202294;-0.41663927;0.1207708;6.0831532;0.3684947;-9.2177515
299;-0.6491143;0.25698692;-0.5651292;4.786218;-8.556115;-0.23534825;-0.08202294;-0.41663927;0.1207708;6.0831532;0.3684947;-9.2177515
300;-0.6491143;0.25698692;-0.5651292;4.786218;-8.556115;-0.23534825;-0.08202294;-0.41663927;0.1207708;6.0831532;0.3684947;-9.2177515
301;-0.6491143;0.25698692;-0.5651292;4.786218;-8.556115;-0.23534825;0.7208964;1.0745538;0.431952;5.035097;2.352743;-11.737393
302;-0.6491143;0.25698692;-0.5651292;4.786218;-8.556115;-0.23534825;0.7208964;1.0745538;0.431952;5.035097;2.352743;-11.737393
303;-0.6491143;0.25698692;-0.5651292;4.786218;-8.556115;-0.23534825;0.7208964;1.0745538;0.431952;5.035097;2.352743;-11.737393
304;-0.6491143;0.25698692;-0.5651292;4.786218;-8.556115;-0.23534825;0.7208964;1.0745538;0.431952;5.035097;2.352743;-11.737393
305;-0.6491143;0.25698692;-0.5651292;3.8999903;-8.807343;1.8415178;0.7208964;1.0745538;0.431952;5.035097;2.352743;-11.737393
306;-0.6698779;0.25152138;-0.53358185;3.8999903;-8.807343;1.8415178;0.7208964;1.0745538;0.431952;5.035097;2.352743;-11.737393
307;-0.6698779;0.25152138;-0.53358185;3.8999903;-8.807343;1.8415178;2.2379215;0.036084767;0.33075485;4.322634;2.2007985;-8.403593
308;-0.6698779;0.25152138;-0.53358185;3.8999903;-8.807343;1.8415178;2.2379215;0.036084767;0.33075485;4.322634;2.2007985;-8.403593
309;-0.6698779;0.25152138;-0.53358185;3.8999903;-8.807343;1.8415178;2.2379215;0.036084767;0.33075485;4.322634;2.2007985;-8.403593
310;-0.6698779;0.25152138;-0.53358185;3.8999903;-8.807343;1.8415178;2.2379215;0.036084767;0.33075485;4.322634;2.2007985;-8.403593
311;-0.5675475;0.289825;-0.5983601;3.4285436;-7.445873;5.3827925;2.2379215;0.036084767;0.33075485;4.322634;2.2007985;-8.403593
312;-0.5675475;0.289825;-0.5983601;3.4285436;-7.445873;5.3827925;2.2379215;0.036084767;0.33075485;4.322634;2.2007985;-8.403593
313;-0.5675475;0.289825;-0.5983601;3.4285436;-7.445873;5.3827925;1.3003832;1.1071765;0.016244804;1.4476577;3.940979;-5.172684
314;-0.5675475;0.289825;-0.5983601;3.4285436;-7.445873;5.3827925;1.3003832;1.1071765;0.016244804;1.4476577;3.940979;-5.172684
315;-0.5675475;0.289825;-0.5983601;3.4285436;-7.445873;5.3827925;1.3003832;1.1071765;0.016244804;1.4476577;3.940979;-5.172684
316;-0.5675475;0.289825;-0.5983601;3.4285436;-7.445873;5.3827925;1.3003832;1.1071765;0.016244804;1.4476577;3.940979;-5.172684
317;-0.44286036;0.17154783;-0.63195735;1.9490521;-5.8827596;7.6003103;1.3003832;1.1071765;0.016244804;1.4476577;3.940979;-5.172684
318;-0.44286036;0.17154783;-0.63195735;1.9490521;-5.8827596;7.6003103;1.3003832;1.1071765;0.016244804;1.4476577;3.940979;-5.172684
319;-0.44286036;0.17154783;-0.63195735;1.9490521;-5.8827596;7.6003103;-0.78334576;-0.9254212;-0.12689589;2.8582265;7.6887374;-7.535597
320;-0.44286036;0.17154783;-0.63195735;1.9490521;-5.8827596;7.6003103;-0.78334576;-0.9254212;-0.12689589;2.8582265;7.6887374;-7.535597
321;-0.44286036;0.17154783;-0.63195735;1.9490521;-5.8827596;7.6003103;-0.78334576;-0.9254212;-0.12689589;2.8582265;7.6887374;-7.535597
322;-0.44286036;0.17154783;-0.63195735;1.9490521;-5.8827596;7.6003103;-0.78334576;-0.9254212;-0.12689589;2.8582265;7.6887374;-7.535597
323;-0.2935681;0.16220288;-0.6918156;3.2954783;-6.8491564;6.1967144;-0.78334576;-0.9254212;-0.12689589;2.8582265;7.6887374;-7.535597
324;-0.2935681;0.16220288;-0.6918156;3.2954783;-6.8491564;6.1967144;-0.78334576;-0.9254212;-0.12689589;2.8582265;7.6887374;-7.535597
325;-0.2935681;0.16220288;-0.6918156;3.2954783;-6.8491564;6.1967144;-1.6987804;-0.80451727;0.089879036;4.557131;2.652444;-8.7164545
326;-0.2935681;0.16220288;-0.6918156;3.2954783;-6.8491564;6.1967144;-1.6987804;-0.80451727;0.089879036;4.557131;2.652444;-8.7164545
327;-0.2935681;0.16220288;-0.6918156;3.2954783;-6.8491564;6.1967144;-1.6987804;-0.80451727;0.089879036;4.557131;2.652444;-8.7164545
328;-0.2935681;0.16220288;-0.6918156;3.2954783;-6.8491564;6.1967144;-1.6987804;-0.80451727;0.089879036;4.557131;2.652444;-8.7164545
329;-0.3997121;0.15583886;-0.66056776;3.9124608;-8.471242;3.0168042;-1.6987804;-0.80451727;0.089879036;4.557131;2.652444;-8.7164545
330;-0.3997121;0.15583886;-0.66056776;3.9124608;-8.471242;3.0168042;-1.6987804;-0.80451727;0.089879036;4.557131;2.652444;-8.7164545
331;-0.3997121;0.15583886;-0.66056776;3.9124608;-8.471242;3.0168042;-1.5163592;0.001065233;-0.6077154;3.9343987;1.7012969;-7.830512
332;-0.3997121;0.15583886;-0.66056776;3.9124608;-8.471242;3.0168042;-1.5163592;0.001065233;-0.6077154;3.9343987;1.7012969;-7.830512
333;-0.3997121;0.15583886;-0.66056776;3.9124608;-8.471242;3.0168042;-1.5163592;0.001065233;-0.6077154;3.9343987;1.7012969;-7.830512
334;-0.3997121;0.15583886;-0.66056776;3.9124608;-8.471242;3.0168042;-1.5163592;0.001065233;-0.6077154;3.9343987;1.7012969;-7.830512
335;-0.54499936;0.22172388;-0.590671;4.994927;-8.424269;0.50277627;-1.5163592;0.001065233;-0.6077154;3.9343987;1.7012969;-7.830512
336;-0.54499936;0.22172388;-0.590671;4.994927;-8.424269;0.50277627;-1.5163592;0.001065233;-0.6077154;3.9343987;1.7012969;-7.830512
337;-0.54499936;0.22172388;-0.590671;4.994927;-8.424269;0.50277627;-0.3077192;-0.2415416;-0.054593194;5.1906304;1.5559329;-8.657232
338;-0.54499936;0.22172388;-0.590671;4.994927;-8.424269;0.50277627;-0.3077192;-0.2415416;-0.054593194;5.1906304;1.5559329;-8.657232
339;-0.54499936;0.22172388;-0.590671;4.994927;-8.424269;0.50277627;-0.3077192;-0.2415416;-0.054593194;5.1906304;1.5559329;-8.657232
340;-0.54499936;0.22172388;-0.590671;4.994927;-8.424269;0.50277627;-0.3077192;-0.2415416;-0.054593194;5.1906304;1.5559329;-8.657232
341;-0.63165873;0.27454102;-0.5877011;5.062228;-8.397726;-0.1497356;-0.3077192;-0.2415416;-0.054593194;5.1906304;1.5559329;-8.657232
342;-0.63165873;0.27454102;-0.5877011;5.062228;-8.397726;-0.1497356;-0.3077192;-0.2415416;-0.054593194;5.1906304;1.5559329;-8.657232
343;-0.63165873;0.27454102;-0.5877011;5.062228;-8.397726;-0.1497356;-0.04860126;0.2717676;0.18215485;6.230312;0.15194423;-11.206785
344;-0.63165873;0.27454102;-0.5877011;5.062228;-8.397726;-0.1497356;-0.04860126;0.2717676;0.18215485;6.230312;0.15194423;-11.206785
345;-0.63165873;0.27454102;-0.5877011;5.062228;-8.397726;-0.1497356;-0.04860126;0.2717676;0.18215485;6.230312;0.15194423;-11.206785
346;-0.63165873;0.27454102;-0.5877011;5.062228;-8.397726;-0.1497356;-0.04860126;0.2717676;0.18215485;6.230312;0.15194423;-11.206785
347;-0.6546714;0.28114015;-0.5699894;4.797849;-8.552816;0.019084744;-0.04860126;0.2717676;0.18215485;6.230312;0.15194423;-11.206785
348;-0.6546714;0.28114015;-0.5699894;4.797849;-8.552816;0.019084744;2.25643;0.20945144;0.6334142;6.230312;0.15194423;-11.206785
349;-0.6546714;0.28114015;-0.5699894;4.797849;-8.552816;0.019084744;2.25643;0.20945144;0.6334142;4.4638104;2.900101;-10.288539
350;-0.6546714;0.28114015;-0.5699894;4.797849;-8.552816;0.019084744;2.25643;0.20945144;0.6334142;4.4638104;2.900101;-10.288539
351;-0.6546714;0.28114015;-0.5699894;4.797849;-8.552816;0.019084744;2.25643;0.20945144;0.6334142;4.4638104;2.900101;-10.288539
352;-0.6546714;0.28114015;-0.5699894;4.797849;-8.552816;0.019084744;2.25643;0.20945144;0.6334142;4.4638104;2.900101;-10.288539
353;-0.6362643;0.30691144;-0.58008885;3.6513765;-8.210082;3.928408;2.25643;0.20945144;0.6334142;4.4638104;2.900101;-10.288539
354;-0.6362643;0.30691144;-0.58008885;3.6513765;-8.210082;3.928408;2.25643;0.20945144;0.6334142;4.4638104;2.900101;-10.288539
355;-0.6362643;0.30691144;-0.58008885;3.6513765;-8.210082;3.928408;1.8949164;1.2198249;0.082422405;2.5950162;2.940779;-6.055636
356;-0.6362643;0.30691144;-0.58008885;3.6513765;-8.210082;3.928408;1.8949164;1.2198249;0.082422405;2.5950162;2.940779;-6.055636
357;-0.6362643;0.30691144;-0.58008885;3.6513765;-8.210082;3.928408;1.8949164;1.2198249;0.082422405;2.5950162;2.940779;-6.055636
358;-0.6362643;0.30691144;-0.58008885;3.6513765;-8.210082;3.928408;1.8949164;1.2198249;0.082422405;2.5950162;2.940779;-6.055636
359;-0.5010171;0.22065538;-0.619403;2.1416216;-6.273207;7.227082;1.8949164;1.2198249;0.082422405;2.5950162;2.940779;-6.055636
360;-0.5010171;0.22065538;-0.619403;2.1416216;-6.273207;7.227082;1.8949164;1.2198249;0.082422405;2.5950162;2.940779;-6.055636
361;-0.5010171;0.22065538;-0.619403;2.1416216;-6.273207;7.227082;-0.24234052;-0.2649767;0.027030287;1.4183456;7.110871;-5.319843
362;-0.5010171;0.22065538;-0.619403;2.1416216;-6.273207;7.227082;-0.24234052;-0.2649767;0.027030287;1.4183456;7.110871;-5.319843
363;-0.5010171;0.22065538;-0.619403;2.1416216;-6.273207;7.227082;-0.24234052;-0.2649767;0.027030287;1.4183456;7.110871;-5.319843
364;-0.5010171;0.22065538;-0.619403;2.1416216;-6.273207;7.227082;-0.24234052;-0.2649767;0.027030287;1.4183456;7.110871;-5.319843
365;-0.31534538;0.17910516;-0.69737035;2.4527025;-6.6020937;6.824001;-0.24234052;-0.2649767;0.027030287;1.4183456;7.110871;-5.319843
366;-0.31534538;0.17910516;-0.69737035;2.4527025;-6.6020937;6.824001;-1.5559059;-1.1017172;-0.15752134;1.4183456;7.110871;-5.319843
367;-0.31534538;0.17910516;-0.69737035;2.4527025;-6.6020937;6.824001;-1.5559059;-1.1017172;-0.15752134;4.470989;4.246662;-9.282955
368;-0.31534538;0.17910516;-0.69737035;2.4527025;-6.6020937;6.824001;-1.5559059;-1.1017172;-0.15752134;4.470989;4.246662;-9.282955
369;-0.31534538;0.17910516;-0.69737035;2.4527025;-6.6020937;6.824001;-1.5559059;-1.1017172;-0.15752134;4.470989;4.246662;-9.282955
370;-0.31534538;0.17910516;-0.69737035;2.4527025;-6.6020937;6.824001;-1.5559059;-1.1017172;-0.15752134;4.470989;4.246662;-9.282955
371;-0.34523726;0.18133949;-0.6852917;3.8369894;-8.136941;3.9036002;-1.5559059;-1.1017172;-0.15752134;4.470989;4.246662;-9.282955
372;-0.34523726;0.18133949;-0.6852917;3.8369894;-8.136941;3.9036002;-1.5943875;-0.016511112;-0.2708355;4.470989;4.246662;-9.282955
373;-0.34523726;0.18133949;-0.6852917;3.8369894;-8.136941;3.9036002;-1.5943875;-0.016511112;-0.2708355;4.644469;1.8101703;-8.055437
374;-0.34523726;0.18133949;-0.6852917;3.8369894;-8.136941;3.9036002;-1.5943875;-0.016511112;-0.2708355;4.644469;1.8101703;-8.055437
375;-0.34523726;0.18133949;-0.6852917;3.8369894;-8.136941;3.9036002;-1.5943875;-0.016511112;-0.2708355;4.644469;1.8101703;-8.055437
376;-0.34523726;0.18133949;-0.6852917;3.8369894;-8.136941;3.9036002;-1.5943875;-0.016511112;-0.2708355;4.644469;1.8101703;-8.055437
377;-0.5059335;0.21213925;-0.62127644;4.3651977;-8.693469;1.2405772;-1.5943875;-0.016511112;-0.2708355;4.644469;1.8101703;-8.055437
378;-0.5059335;0.21213925;-0.62127644;4.3651977;-8.693469;1.2405772;-0.46950147;-0.21198137;-0.30518925;4.644469;1.8101703;-8.055437
379;-0.5059335;0.21213925;-0.62127644;4.3651977;-8.693469;1.2405772;-0.46950147;-0.21198137;-0.30518925;4.642674;1.7336;-8.505288
380;-0.5059335;0.21213925;-0.62127644;4.3651977;-8.693469;1.2405772;-0.46950147;-0.21198137;-0.30518925;4.642674;1.7336;-8.505288
381;-0.5059335;0.21213925;-0.62127644;4.3651977;-8.693469;1.2405772;-0.46950147;-0.21198137;-0.30518925;4.642674;1.7336;-8.505288
382;-0.5059335;0.21213925;-0.62127644;4.3651977;-8.693469;1.2405772;-0.46950147;-0.21198137;-0.30518925;4.642674;1.7336;-8.505288
383;-0.5921778;0.2933831;-0.5995151;4.9013805;-8.4873495;0.33431095;-0.46950147;-0.21198137;-0.30518925;4.642674;1.7336;-8.505288
384;-0.5921778;0.2933831;-0.5995151;4.9013805;-8.4873495;0.33431095;-0.22210109;-0.6595124;0.13941237;4.642674;1.7336;-8.505288
385;-0.5921778;0.2933831;-0.5995151;4.9013805;-8.4873495;0.33431095;-0.22210109;-0.6595124;0.13941237;6.4091754;-0.23988047;-10.020543
386;-0.5921778;0.2933831;-0.5995151;4.9013805;-8.4873495;0.33431095;-0.22210109;-0.6595124;0.13941237;6.4091754;-0.23988047;-10.020543
387;-0.5921778;0.2933831;-0.5995151;4.9013805;-8.4873495;0.33431095;-0.22210109;-0.6595124;0.13941237;6.4091754;-0.23988047;-10.020543
388;-0.5921778;0.2933831;-0.5995151;4.9013805;-8.4873495;0.33431095;-0.22210109;-0.6595124;0.13941237;6.4091754;-0.23988047;-10.020543
389;-0.6292011;0.29506075;-0.58995324;4.676175;-8.59857;-0.60693485;-0.22210109;-0.6595124;0.13941237;6.4091754;-0.23988047;-10.020543
390;-0.6292011;0.29506075;-0.58995324;4.676175;-8.59857;-0.60693485;1.3849361;0.739538;0.47482762;6.4091754;-0.23988047;-10.020543
391;-0.6292011;0.29506075;-0.58995324;4.676175;-8.59857;-0.60693485;1.3849361;0.739538;0.47482762;4.831109;2.5238297;-10.665409
392;-0.6292011;0.29506075;-0.58995324;4.676175;-8.59857;-0.60693485;1.3849361;0.739538;0.47482762;4.831109;2.5238297;-10.665409
393;-0.6292011;0.29506075;-0.58995324;4.676175;-8.59857;-0.60693485;1.3849361;0.739538;0.47482762;4.831109;2.5238297;-10.665409
394;-0.6292011;0.29506075;-0.58995324;4.676175;-8.59857;-0.60693485;1.3849361;0.739538;0.47482762;4.831109;2.5238297;-10.665409
395;-0.668822;0.28917503;-0.5391055;3.712939;-8.769856;2.3396769;1.3849361;0.739538;0.47482762;4.831109;2.5238297;-10.665409
396;-0.668822;0.28917503;-0.5391055;3.712939;-8.769856;2.3396769;1.3849361;0.739538;0.47482762;4.831109;2.5238297;-10.665409
397;-0.668822;0.28917503;-0.5391055;3.712939;-8.769856;2.3396769;1.7933198;0.35245898;0.13967869;3.6167514;2.9952157;-8.107481
398;-0.668822;0.28917503;-0.5391055;3.712939;-8.769856;2.3396769;1.7933198;0.35245898;0.13967869;3.6167514;2.9952157;-8.107481
399;-0.668822;0.28917503;-0.5391055;3.712939;-8.769856;2.3396769;1.7933198;0.35245898;0.13967869;3.6167514;2.9952157;-8.107481
400;-0.668822;0.28917503;-0.5391055;3.712939;-8.769856;2.3396769;1.7933198;0.35245898;0.13967869;3.6167514;2.9952157;-8.107481
401;-0.55047697;0.2787199;-0.60107636;3.286609;-7.5241494;5.3624406;1.7933198;0.35245898;0.13967869;3.6167514;2.9952157;-8.107481
402;-0.55047697;0.2787199;-0.60107636;3.286609;-7.5241494;5.3624406;1.2097052;1.1240871;-0.07243585;3.6167514;2.9952157;-8.107481
403;-0.55047697;0.2787199;-0.60107636;3.286609;-7.5241494;5.3624406;1.2097052;1.1240871;-0.07243585;1.9926231;4.6301117;-5.300102
404;-0.55047697;0.2787199;-0.60107636;3.286609;-7.5241494;5.3624406;1.2097052;1.1240871;-0.07243585;1.9926231;4.6301117;-5.300102
405;-0.55047697;0.2787199;-0.60107636;3.286609;-7.5241494;5.3624406;1.2097052;1.1240871;-0.07243585;1.9926231;4.6301117;-5.300102
406;-0.55047697;0.2787199;-0.60107636;3.286609;-7.5241494;5.3624406;1.2097052;1.1240871;-0.07243585;1.9926231;4.6301117;-5.300102
407;-0.4343486;0.19476376;-0.6509516;1.9395052;-6.018159;7.49603;1.2097052;1.1240871;-0.07243585;1.9926231;4.6301117;-5.300102
408;-0.4343486;0.19476376;-0.6509516;1.9395052;-6.018159;7.49603;-0.51597226;-0.41504142;-0.032755915;1.9926231;4.6301117;-5.300102
409;-0.4343486;0.19476376;-0.6509516;1.9395052;-6.018159;7.49603;-0.51597226;-0.41504142;-0.032755915;2.6344976;7.6833534;-7.368099
410;-0.4343486;0.19476376;-0.6509516;1.9395052;-6.018159;7.49603;-0.51597226;-0.41504142;-0.032755915;2.6344976;7.6833534;-7.368099
411;-0.4343486;0.19476376;-0.6509516;1.9395052;-6.018159;7.49603;-0.51597226;-0.41504142;-0.032755915;2.6344976;7.6833534;-7.368099
412;-0.4343486;0.19476376;-0.6509516;1.9395052;-6.018159;7.49603;-0.51597226;-0.41504142;-0.032755915;2.6344976;7.6833534;-7.368099
413;-0.2915913;0.18106176;-0.7163451;2.5231225;-6.6892323;6.712556;-0.51597226;-0.41504142;-0.032755915;2.6344976;7.6833534;-7.368099
414;-0.2915913;0.18106176;-0.7163451;2.5231225;-6.6892323;6.712556;-1.4914594;-1.2609696;-0.010785485;2.6344976;7.6833534;-7.368099
415;-0.2915913;0.18106176;-0.7163451;2.5231225;-6.6892323;6.712556;-1.4914594;-1.2609696;-0.010785485;4.0767717;3.7423747;-8.260024
416;-0.2915913;0.18106176;-0.7163451;2.5231225;-6.6892323;6.712556;-1.4914594;-1.2609696;-0.010785485;4.0767717;3.7423747;-8.260024
417;-0.2915913;0.18106176;-0.7163451;2.5231225;-6.6892323;6.712556;-1.4914594;-1.2609696;-0.010785485;4.0767717;3.7423747;-8.260024
418;-0.2915913;0.18106176;-0.7163451;2.5231225;-6.6892323;6.712556;-1.4914594;-1.2609696;-0.010785485;4.0767717;3.7423747;-8.260024
419;-0.34807423;0.19130926;-0.6974403;3.8280432;-8.2137785;3.748376;-1.4914594;-1.2609696;-0.010785485;4.0767717;3.7423747;-8.260024
420;-0.34807423;0.19130926;-0.6974403;3.8280432;-8.2137785;3.748376;-1.5840015;0.03555215;-0.298931;4.0767717;3.7423747;-8.260024
421;-0.34807423;0.19130926;-0.6974403;3.8280432;-8.2137785;3.748376;-1.5840015;0.03555215;-0.298931;4.4955153;1.7904296;-7.932207
422;-0.34807423;0.19130926;-0.6974403;3.8280432;-8.2137785;3.748376;-1.5840015;0.03555215;-0.298931;4.4955153;1.7904296;-7.932207
423;-0.34807423;0.19130926;-0.6974403;3.8280432;-8.2137785;3.748376;-1.5840015;0.03555215;-0.298931;4.4955153;1.7904296;-7.932207
424;-0.34807423;0.19130926;-0.6974403;3.8280432;-8.2137785;3.748376;-1.5840015;0.03555215;-0.298931;4.4955153;1.7904296;-7.932207
425;-0.5123572;0.21535118;-0.61571527;4.387117;-8.699806;1.1121858;-1.5840015;0.03555215;-0.298931;4.4955153;1.7904296;-7.932207
426;-0.5123572;0.21535118;-0.61571527;4.387117;-8.699806;1.1121858;-0.46058014;-0.10452599;-0.39227206;4.4955153;1.7904296;-7.932207
427;-0.5123572;0.21535118;-0.61571527;4.387117;-8.699806;1.1121858;-0.46058014;-0.10452599;-0.39227206;4.8765726;1.713261;-8.508878
428;-0.5123572;0.21535118;-0.61571527;4.387117;-8.699806;1.1121858;-0.46058014;-0.10452599;-0.39227206;4.8765726;1.713261;-8.508878
429;-0.5123572;0.21535118;-0.61571527;4.387117;-8.699806;1.1121858;-0.46058014;-0.10452599;-0.39227206;4.8765726;1.713261;-8.508878
430;-0.5123572;0.21535118;-0.61571527;4.387117;-8.699806;1.1121858;-0.46058014;-0.10452599;-0.39227206;4.8765726;1.713261;-8.508878
431;-0.59701955;0.29472354;-0.59615314;5.057604;-8.395454;0.32769328;-0.46058014;-0.10452599;-0.39227206;4.8765726;1.713261;-8.508878
432;-0.59701955;0.29472354;-0.59615314;5.057604;-8.395454;0.32769328;-0.055525273;-0.48774356;0.08428656;4.8765726;1.713261;-8.508878
433;-0.59701955;0.29472354;-0.59615314;5.057604;-8.395454;0.32769328;-0.055525273;-0.48774356;0.08428656;5.447859;0.6472585;-8.5118685
434;-0.59701955;0.29472354;-0.59615314;5.057604;-8.395454;0.32769328;-0.055525273;-0.48774356;0.08428656;5.447859;0.6472585;-8.5118685
435;-0.59701955;0.29472354;-0.59615314;5.057604;-8.395454;0.32769328;-0.055525273;-0.48774356;0.08428656;5.447859;0.6472585;-8.5118685
436;-0.59701955;0.29472354;-0.59615314;5.057604;-8.395454;0.32769328;-0.055525273;-0.48774356;0.08428656;5.447859;0.6472585;-8.5118685
437;-0.62987787;0.2941873;-0.5966383;4.9293184;-8.475674;-0.18752415;-0.055525273;-0.48774356;0.08428656;5.447859;0.6472585;-8.5118685
438;-0.62987787;0.2941873;-0.5966383;4.9293184;-8.475674;-0.18752415;0.067509145;0.1402113;0.19760072;5.447859;0.6472585;-8.5118685
439;-0.62987787;0.2941873;-0.5966383;4.9293184;-8.475674;-0.18752415;0.067509145;0.1402113;0.19760072;6.031708;0.15672988;-10.785648
440;-0.62987787;0.2941873;-0.5966383;4.9293184;-8.475674;-0.18752415;0.067509145;0.1402113;0.19760072;6.031708;0.15672988;-10.785648
441;-0.62987787;0.2941873;-0.5966383;4.9293184;-8.475674;-0.18752415;0.067509145;0.1402113;0.19760072;6.031708;0.15672988;-10.785648
442;-0.62987787;0.2941873;-0.5966383;4.9293184;-8.475674;-0.18752415;0.067509145;0.1402113;0.19760072;6.031708;0.15672988;-10.785648
443;-0.65548736;0.2826613;-0.5630131;4.6286907;-8.645548;0.010539407;0.067509145;0.1402113;0.19760072;6.031708;0.15672988;-10.785648
444;-0.65548736;0.2826613;-0.5630131;4.6286907;-8.645548;0.010539407;1.8279399;0.15632294;0.40678588;6.031708;0.15672988;-10.785648
445;-0.65548736;0.2826613;-0.5630131;4.6286907;-8.645548;0.010539407;1.8279399;0.15632294;0.40678588;4.668397;2.4065814;-9.912866
446;-0.65548736;0.2826613;-0.5630131;4.6286907;-8.645548;0.010539407;1.8279399;0.15632294;0.40678588;4.668397;2.4065814;-9.912866
447;-0.65548736;0.2826613;-0.5630131;4.6286907;-8.645548;0.010539407;1.8279399;0.15632294;0.40678588;4.668397;2.4065814;-9.912866
448;-0.65548736;0.2826613;-0.5630131;4.6286907;-8.645548;0.010539407;1.8279399;0.15632294;0.40678588;4.668397;2.4065814;-9.912866
449;-0.6412473;0.29709357;-0.56519085;3.9090278;-8.39791;3.2194693;1.8279399;0.15632294;0.40678588;4.668397;2.4065814;-9.912866
450;-0.6412473;0.29709357;-0.56519085;3.9090278;-8.39791;3.2194693;1.8431194;0.8836108;0.042476166;4.668397;2.4065814;-9.912866
451;-0.6412473;0.29709357;-0.56519085;3.9090278;-8.39791;3.2194693;1.8431194;0.8836108;0.042476166;3.24048;3.615555;-7.242476
452;-0.6412473;0.29709357;-0.56519085;3.9090278;-8.39791;3.2194693;1.8431194;0.8836108;0.042476166;3.24048;3.615555;-7.242476
453;-0.6412473;0.29709357;-0.56519085;3.9090278;-8.39791;3.2194693;1.8431194;0.8836108;0.042476166;3.24048;3.615555;-7.242476
454;-0.6412473;0.29709357;-0.56519085;3.9090278;-8.39791;3.2194693;1.8431194;0.8836108;0.042476166;3.24048;3.615555;-7.242476
455;-0.53544754;0.22169499;-0.6003865;2.978103;-6.73685;6.474269;1.8431194;0.8836108;0.042476166;3.24048;3.615555;-7.242476
456;-0.53544754;0.22169499;-0.6003865;2.978103;-6.73685;6.474269;0.6206314;0.7030538;0.005193011;3.24048;3.615555;-7.242476
457;-0.53544754;0.22169499;-0.6003865;2.978103;-6.73685;6.474269;0.6206314;0.7030538;0.005193011;1.8215362;5.5202417;-4.6989055
458;-0.53544754;0.22169499;-0.6003865;2.978103;-6.73685;6.474269;0.6206314;0.7030538;0.005193011;1.8215362;5.5202417;-4.6989055
459;-0.53544754;0.22169499;-0.6003865;2.978103;-6.73685;6.474269;0.6206314;0.7030538;0.005193011;1.8215362;5.5202417;-4.6989055
460;-0.53544754;0.22169499;-0.6003865;2.978103;-6.73685;6.474269;0.6206314;0.7030538;0.005193011;1.8215362;5.5202417;-4.6989055
461;-0.37863058;0.1629204;-0.66774195;1.9916735;-5.9205437;7.559814;0.6206314;0.7030538;0.005193011;1.8215362;5.5202417;-4.6989055
462;-0.37863058;0.1629204;-0.66774195;1.9916735;-5.9205437;7.559814;-0.57935363;-0.5162386;-0.12769482;1.8215362;5.5202417;-4.6989055
463;-0.37863058;0.1629204;-0.66774195;1.9916735;-5.9205437;7.559814;-0.57935363;-0.5162386;-0.12769482;2.1720848;8.280363;-6.896115
464;-0.37863058;0.1629204;-0.66774195;1.9916735;-5.9205437;7.559814;-0.57935363;-0.5162386;-0.12769482;2.1720848;8.280363;-6.896115
465;-0.37863058;0.1629204;-0.66774195;1.9916735;-5.9205437;7.559814;-0.57935363;-0.5162386;-0.12769482;2.1720848;8.280363;-6.896115
466;-0.37863058;0.1629204;-0.66774195;1.9916735;-5.9205437;7.559814;-0.57935363;-0.5162386;-0.12769482;2.1720848;8.280363;-6.896115
467;-0.29486692;0.16616338;-0.6992304;2.8425267;-6.635763;6.6375504;-0.57935363;-0.5162386;-0.12769482;2.1720848;8.280363;-6.896115
468;-0.29486692;0.16616338;-0.6992304;2.8425267;-6.635763;6.6375504;-1.4306079;-0.9923977;-0.028361829;2.1720848;8.280363;-6.896115
469;-0.29486692;0.16616338;-0.6992304;2.8425267;-6.635763;6.6375504;-1.4306079;-0.9923977;-0.028361829;4.5266223;4.112066;-8.574081
470;-0.29486692;0.16616338;-0.6992304;2.8425267;-6.635763;6.6375504;-1.4306079;-0.9923977;-0.028361829;4.5266223;4.112066;-8.574081
471;-0.29486692;0.16616338;-0.6992304;2.8425267;-6.635763;6.6375504;-1.4306079;-0.9923977;-0.028361829;4.5266223;4.112066;-8.574081
472;-0.29486692;0.16616338;-0.6992304;2.8425267;-6.635763;6.6375504;-1.4306079;-0.9923977;-0.028361829;4.5266223;4.112066;-8.574081
473;-0.36469677;0.16904253;-0.6810724;3.9020808;-8.1085615;3.8981264;-1.4306079;-0.9923977;-0.028361829;4.5266223;4.112066;-8.574081
474;-0.36469677;0.16904253;-0.6810724;3.9020808;-8.1085615;3.8981264;-1.1666964;-0.30758604;-0.037815772;4.5266223;4.112066;-8.574081
475;-0.36469677;0.16904253;-0.6810724;3.9020808;-8.1085615;3.8981264;-1.1666964;-0.30758604;-0.037815772;4.730012;2.248655;-8.240283
476;-0.36469677;0.16904253;-0.6810724;3.9020808;-8.1085615;3.8981264;-1.1666964;-0.30758604;-0.037815772;4.730012;2.248655;-8.240283
477;-0.36469677;0.16904253;-0.6810724;3.9020808;-8.1085615;3.8981264;-1.1666964;-0.30758604;-0.037815772;4.730012;2.248655;-8.240283
478;-0.36469677;0.16904253;-0.6810724;3.9020808;-8.1085615;3.8981264;-1.1666964;-0.30758604;-0.037815772;4.730012;2.248655;-8.240283
479;-0.51056623;0.20142734;-0.6136146;4.18082;-8.697744;1.7436705;-1.1666964;-0.30758604;-0.037815772;4.730012;2.248655;-8.240283
480;-0.51056623;0.20142734;-0.6136146;4.18082;-8.697744;1.7436705;-0.46484107;-0.21983747;-0.22076954;4.730012;2.248655;-8.240283
481;-0.51056623;0.20142734;-0.6136146;4.18082;-8.697744;1.7436705;-0.46484107;-0.21983747;-0.22076954;4.366303;1.5188441;-8.427522
482;-0.51056623;0.20142734;-0.6136146;4.18082;-8.697744;1.7436705;-0.46484107;-0.21983747;-0.22076954;4.366303;1.5188441;-8.427522
483;-0.51056623;0.20142734;-0.6136146;4.18082;-8.697744;1.7436705;-0.46484107;-0.21983747;-0.22076954;4.366303;1.5188441;-8.427522
484;-0.51056623;0.20142734;-0.6136146;4.18082;-8.697744;1.7436705;-0.46484107;-0.21983747;-0.22076954;4.366303;1.5188441;-8.427522
485;-0.5907266;0.24927819;-0.57520664;4.6090026;-8.619006;0.8001339;-0.46484107;-0.21983747;-0.22076954;4.366303;1.5188441;-8.427522
486;-0.5907266;0.24927819;-0.57520664;4.6090026;-8.619006;0.8001339;-0.088148035;-0.45272404;0.034087457;4.366303;1.5188441;-8.427522
487;-0.5907266;0.24927819;-0.57520664;4.6090026;-8.619006;0.8001339;-0.088148035;-0.45272404;0.034087457;5.10748;0.9194421;-8.502297
488;-0.5907266;0.24927819;-0.57520664;4.6090026;-8.619006;0.8001339;-0.088148035;-0.45272404;0.034087457;5.10748;0.9194421;-8.502297
489;-0.5907266;0.24927819;-0.57520664;4.6090026;-8.619006;0.8001339;-0.088148035;-0.45272404;0.034087457;5.10748;0.9194421;-8.502297
490;-0.5907266;0.24927819;-0.57520664;4.6090026;-8.619006;0.8001339;-0.088148035;-0.45272404;0.034087457;5.10748;0.9194421;-8.502297
491;-0.6295365;0.25077534;-0.5621452;4.619065;-8.646631;0.26533908;-0.088148035;-0.45272404;0.034087457;5.10748;0.9194421;-8.502297
492;-0.6295365;0.25077534;-0.5621452;4.619065;-8.646631;0.26533908;0.06591129;-0.3065208;0.036617383;5.10748;0.9194421;-8.502297
493;-0.6295365;0.25077534;-0.5621452;4.619065;-8.646631;0.26533908;0.06591129;-0.3065208;0.036617383;5.6889358;-0.09571291;-8.575278
494;-0.6295365;0.25077534;-0.5621452;4.619065;-8.646631;0.26533908;0.06591129;-0.3065208;0.036617383;5.6889358;-0.09571291;-8.575278
495;-0.6295365;0.25077534;-0.5621452;4.619065;-8.646631;0.26533908;0.06591129;-0.3065208;0.036617383;5.6889358;-0.09571291;-8.575278
496;-0.6295365;0.25077534;-0.5621452;4.619065;-8.646631;0.26533908;0.06591129;-0.3065208;0.036617383;5.6889358;-0.09571291;-8.575278
497;-0.6571544;0.23370837;-0.5299302;4.611968;-8.65373;0.1143499;0.06591129;-0.3065208;0.036617383;5.6889358;-0.09571291;-8.575278
498;-0.6571544;0.23370837;-0.5299302;4.611968;-8.65373;0.1143499;0.21211453;-0.23941112;0.048867565;5.6889358;-0.09571291;-8.575278
499;-0.6571544;0.23370837;-0.5299302;4.611968;-8.65373;0.1143499;0.21211453;-0.23941112;0.048867565;4.5804605;0.58983076;-9.162118
500;-0.6571544;0.23370837;-0.5299302;4.611968;-8.65373;0.1143499;0.21211453;-0.23941112;0.048867565;4.5804605;0.58983076;-9.162118
501;-0.6571544;0.23370837;-0.5299302;4.611968;-8.65373;0.1143499;0.21211453;-0.23941112;0.048867565;4.5804605;0.58983076;-9.162118
502;-0.6571544;0.23370837;-0.5299302;4.611968;-8.65373;0.1143499;0.21211453;-0.23941112;0.048867565;4.5804605;0.58983076;-9.162118
503;-0.6693289;0.21486863;-0.510337;4.5240765;-8.696764;0.26346368;0.21211453;-0.23941112;0.048867565;4.5804605;0.58983076;-9.162118
504;-0.6693289;0.21486863;-0.510337;4.5240765;-8.696764;0.26346368;0.48468104;0.20572312;0.12170287;4.5804605;0.58983076;-9.162118
505;-0.6693289;0.21486863;-0.510337;4.5240765;-8.696764;0.26346368;0.48468104;0.20572312;0.12170287;4.429713;1.3429717;-9.096913
506;-0.6693289;0.21486863;-0.510337;4.5240765;-8.696764;0.26346368;0.48468104;0.20572312;0.12170287;4.429713;1.3429717;-9.096913
