id,Attitude Roll,Attitude Pitch,Attitude Azimuth,Gravity X,Gravity Y,Gravity Z,Rotation Rate X,Rotation Rate Y,Rotation Rate Z,User Acceleration X,User Acceleration Y,User Acceleration Z
1,0.24057837,-0.64595425,0.71470827,4.863659,-8.500963,0.49883106,0.015445879,-0.0045272405,0.00838871,5.00399,-8.750552,0.48454657
2,0.24057837,-0.64595425,0.71470827,4.863659,-8.500963,0.49883106,0.008788172,0.013315413,0.015579033,5.0386863,-8.733205,0.5132605
3,0.24057837,-0.64595425,0.71470827,4.863659,-8.500963,0.49883106,0.008788172,0.013315413,0.015579033,5.0386863,-8.733205,0.5132605
4,0.24057837,-0.64595425,0.71470827,4.863659,-8.500963,0.49883106,0.008788172,0.013315413,0.015579033,5.0386863,-8.733205,0.5132605
5,0.24225293,-0.64488775,0.7155707,4.839737,-8.513525,0.5169401,0.008788172,0.013315413,0.015579033,5.0386863,-8.733205,0.5132605
6,0.24225293,-0.64488775,0.7155707,4.839737,-8.513525,0.5169401,0.13448566,0.21491076,0.057522584,5.0386863,-8.733205,0.5132605
7,0.24225293,-0.64488775,0.7155707,4.839737,-8.513525,0.5169401,0.13448566,0.21491076,0.057522584,5.1361938,-8.668598,1.1820544
8,0.24225293,-0.64488775,0.7155707,4.839737,-8.513525,0.5169401,0.13448566,0.21491076,0.057522584,5.1361938,-8.668598,1.1820544
9,0.24158256,-0.6444232,0.71643883,4.8145046,-8.491761,0.93856907,0.13448566,0.21491076,0.057522584,5.1361938,-8.668598,1.1820544
10,0.24158256,-0.6444232,0.71643883,4.8145046,-8.491761,0.93856907,-0.0074566314,0.06804176,0.047802333,5.1361938,-8.668598,1.1820544
11,0.24158256,-0.6444232,0.71643883,4.8145046,-8.491761,0.93856907,-0.0074566314,0.06804176,0.047802333,4.657031,-8.877372,0.4671986
12,0.24158256,-0.6444232,0.71643883,4.8145046,-8.491761,0.93856907,-0.0074566314,0.06804176,0.047802333,4.657031,-8.877372,0.4671986
13,0.24158256,-0.6444232,0.71643883,4.8145046,-8.491761,0.93856907,-0.0074566314,0.06804176,0.047802333,4.657031,-8.877372,0.4671986
14,0.22991234,-0.6318913,0.72989684,4.70827,-8.563893,0.8138303,-0.0074566314,0.06804176,0.047802333,4.657031,-8.877372,0.4671986
15,0.22991234,-0.6318913,0.72989684,4.70827,-8.563893,0.8138303,0.3852149,0.86670023,0.32130092,4.657031,-8.877372,0.4671986
16,0.22991234,-0.6318913,0.72989684,4.70827,-8.563893,0.8138303,0.3852149,0.86670023,0.32130092,4.302295,-9.406186,3.6311083
17,0.22991234,-0.6318913,0.72989684,4.70827,-8.563893,0.8138303,0.3852149,0.86670023,0.32130092,4.302295,-9.406186,3.6311083
18,0.22991234,-0.6318913,0.72989684,4.70827,-8.563893,0.8138303,0.3852149,0.86670023,0.32130092,4.302295,-9.406186,3.6311083
19,0.22435537,-0.6388825,0.72587323,3.962924,-8.674905,2.282903,0.3852149,0.86670023,0.32130092,4.302295,-9.406186,3.6311083
20,0.22435537,-0.6388825,0.72587323,3.962924,-8.674905,2.282903,1.4122326,1.3901291,0.3488638,3.6454654,-9.245269,4.471587
21,0.22435537,-0.6388825,0.72587323,3.962924,-8.674905,2.282903,1.4122326,1.3901291,0.3488638,3.6454654,-9.245269,4.471587
22,0.22435537,-0.6388825,0.72587323,3.962924,-8.674905,2.282903,1.4122326,1.3901291,0.3488638,3.6454654,-9.245269,4.471587
23,0.14811037,-0.6013881,0.7714155,2.4708946,-7.9201317,5.22844,1.4122326,1.3901291,0.3488638,3.6454654,-9.245269,4.471587
24,0.14811037,-0.6013881,0.7714155,2.4708946,-7.9201317,5.22844,1.205977,1.2684262,0.32609445,3.6454654,-9.245269,4.471587
25,0.14811037,-0.6013881,0.7714155,2.4708946,-7.9201317,5.22844,1.205977,1.2684262,0.32609445,0.68135625,-7.2137623,5.672186
26,0.14811037,-0.6013881,0.7714155,2.4708946,-7.9201317,5.22844,1.205977,1.2684262,0.32609445,0.68135625,-7.2137623,5.672186
27,0.14811037,-0.6013881,0.7714155,2.4708946,-7.9201317,5.22844,1.205977,1.2684262,0.32609445,0.68135625,-7.2137623,5.672186
28,0.04628571,-0.48091725,0.85694945,0.5054116,-6.657344,7.1829467,1.205977,1.2684262,0.32609445,0.68135625,-7.2137623,5.672186
29,0.04628571,-0.48091725,0.85694945,0.5054116,-6.657344,7.1829467,0.14660269,0.17110306,0.145138,0.68135625,-7.2137623,5.672186
30,0.04628571,-0.48091725,0.85694945,0.5054116,-6.657344,7.1829467,0.14660269,0.17110306,0.145138,-0.9164511,-5.014758,6.5958157
31,0.04628571,-0.48091725,0.85694945,0.5054116,-6.657344,7.1829467,0.14660269,0.17110306,0.145138,-0.9164511,-5.014758,6.5958157
32,0.04628571,-0.48091725,0.85694945,0.5054116,-6.657344,7.1829467,0.14660269,0.17110306,0.145138,-0.9164511,-5.014758,6.5958157
33,-0.05326102,-0.3618493,0.9078908,-0.0024395122,-6.4536853,7.3837876,0.14660269,0.17110306,0.145138,-0.9164511,-5.014758,6.5958157
34,-0.05326102,-0.3618493,0.9078908,-0.0024395122,-6.4536853,7.3837876,-0.2484656,-0.06551183,-0.08202294,-0.9601201,-7.4273214,9.077172
35,-0.05326102,-0.3618493,0.9078908,-0.0024395122,-6.4536853,7.3837876,-0.2484656,-0.06551183,-0.08202294,-0.9601201,-7.4273214,9.077172
36,-0.05326102,-0.3618493,0.9078908,-0.0024395122,-6.4536853,7.3837876,-0.2484656,-0.06551183,-0.08202294,-0.9601201,-7.4273214,9.077172
37,-0.05326102,-0.3618493,0.9078908,-0.0024395122,-6.4536853,7.3837876,-0.2484656,-0.06551183,-0.08202294,-0.9601201,-7.4273214,9.077172
38,-0.074845344,-0.34340903,0.9148009,0.06952054,-6.728618,7.1338105,-0.2484656,-0.06551183,-0.08202294,-0.9601201,-7.4273214,9.077172
39,-0.074845344,-0.34340903,0.9148009,0.06952054,-6.728618,7.1338105,-1.2110368,-1.7328678,-0.7475273,2.3030918,-7.946564,5.4352965
40,-0.074845344,-0.34340903,0.9148009,0.06952054,-6.728618,7.1338105,-1.2110368,-1.7328678,-0.7475273,2.3030918,-7.946564,5.4352965
41,-0.074845344,-0.34340903,0.9148009,0.06952054,-6.728618,7.1338105,-1.2110368,-1.7328678,-0.7475273,2.3030918,-7.946564,5.4352965
42,-0.07682655,-0.3610742,0.9069715,3.0505972,-7.9016814,4.9424357,-1.2110368,-1.7328678,-0.7475273,2.3030918,-7.946564,5.4352965
43,-0.07682655,-0.3610742,0.9069715,3.0505972,-7.9016814,4.9424357,-1.3605689,-1.225018,-0.4243622,2.3030918,-7.946564,5.4352965
44,-0.07682655,-0.3610742,0.9069715,3.0505972,-7.9016814,4.9424357,-1.3605689,-1.225018,-0.4243622,4.5744786,-8.063812,2.6362925
45,-0.07682655,-0.3610742,0.9069715,3.0505972,-7.9016814,4.9424357,-1.3605689,-1.225018,-0.4243622,4.5744786,-8.063812,2.6362925
46,-0.07682655,-0.3610742,0.9069715,3.0505972,-7.9016814,4.9424357,-1.3605689,-1.225018,-0.4243622,4.5744786,-8.063812,2.6362925
47,0.07115691,-0.4928921,0.84530556,4.562173,-8.477492,1.8679127,-1.3605689,-1.225018,-0.4243622,4.5744786,-8.063812,2.6362925
48,0.07115691,-0.4928921,0.84530556,4.562173,-8.477492,1.8679127,-0.7547176,-0.2821536,-0.44446847,4.5744786,-8.063812,2.6362925
49,0.07115691,-0.4928921,0.84530556,4.562173,-8.477492,1.8679127,-0.7547176,-0.2821536,-0.44446847,4.699504,-8.016554,1.727618
50,0.07115691,-0.4928921,0.84530556,4.562173,-8.477492,1.8679127,-0.7547176,-0.2821536,-0.44446847,4.699504,-8.016554,1.727618
51,0.07115691,-0.4928921,0.84530556,4.562173,-8.477492,1.8679127,-0.7547176,-0.2821536,-0.44446847,4.699504,-8.016554,1.727618
52,0.1631657,-0.6149308,0.7504293,5.358235,-8.2013855,0.443823,-0.7547176,-0.2821536,-0.44446847,4.699504,-8.016554,1.727618
53,0.1631657,-0.6149308,0.7504293,5.358235,-8.2013855,0.443823,0.0033288533,-0.3495296,0.11331416,4.699504,-8.016554,1.727618
54,0.1631657,-0.6149308,0.7504293,5.358235,-8.2013855,0.443823,0.0033288533,-0.3495296,0.11331416,5.523831,-8.33121,0.8446664
55,0.1631657,-0.6149308,0.7504293,5.358235,-8.2013855,0.443823,0.0033288533,-0.3495296,0.11331416,5.523831,-8.33121,0.8446664
56,0.1631657,-0.6149308,0.7504293,5.358235,-8.2013855,0.443823,0.0033288533,-0.3495296,0.11331416,5.523831,-8.33121,0.8446664
57,0.19321206,-0.6633554,0.6916404,5.194712,-8.315957,0.1738658,0.0033288533,-0.3495296,0.11331416,5.523831,-8.33121,0.8446664
58,0.19321206,-0.6633554,0.6916404,5.194712,-8.315957,0.1738658,-0.16244803,-0.48761043,0.14780109,5.523831,-8.33121,0.8446664
59,0.19321206,-0.6633554,0.6916404,5.194712,-8.315957,0.1738658,-0.16244803,-0.48761043,0.14780109,6.7094746,-10.948958,0.13998012
60,0.19321206,-0.6633554,0.6916404,5.194712,-8.315957,0.1738658,-0.16244803,-0.48761043,0.14780109,6.7094746,-10.948958,0.13998012
61,0.19321206,-0.6633554,0.6916404,5.194712,-8.315957,0.1738658,-0.16244803,-0.48761043,0.14780109,6.7094746,-10.948958,0.13998012
62,0.2059611,-0.66986215,0.68935966,4.9619117,-8.439331,-0.5722896,-0.16244803,-0.48761043,0.14780109,6.7094746,-10.948958,0.13998012
63,0.2059611,-0.66986215,0.68935966,4.9619117,-8.439331,-0.5722896,1.5572375,0.5201,0.6006583,6.7094746,-10.948958,0.13998012
64,0.2059611,-0.66986215,0.68935966,4.9619117,-8.439331,-0.5722896,1.5572375,0.5201,0.6006583,4.202395,-9.952946,2.2582264
65,0.2059611,-0.66986215,0.68935966,4.9619117,-8.439331,-0.5722896,1.5572375,0.5201,0.6006583,4.202395,-9.952946,2.2582264
66,0.2059611,-0.66986215,0.68935966,4.9619117,-8.439331,-0.5722896,1.5572375,0.5201,0.6006583,4.202395,-9.952946,2.2582264
67,0.2252275,-0.6917017,0.6701126,3.8160176,-8.673333,2.5261989,1.5572375,0.5201,0.6006583,4.202395,-9.952946,2.2582264
68,0.2252275,-0.6917017,0.6701126,3.8160176,-8.673333,2.5261989,1.8260757,1.3226199,0.3813534,4.202395,-9.952946,2.2582264
69,0.2252275,-0.6917017,0.6701126,3.8160176,-8.673333,2.5261989,1.8260757,1.3226199,0.3813534,3.0562327,-7.8400836,2.9916265
70,0.2252275,-0.6917017,0.6701126,3.8160176,-8.673333,2.5261989,1.8260757,1.3226199,0.3813534,3.0562327,-7.8400836,2.9916265
71,0.2252275,-0.6917017,0.6701126,3.8160176,-8.673333,2.5261989,1.8260757,1.3226199,0.3813534,3.0562327,-7.8400836,2.9916265
72,0.16646004,-0.58608085,0.7854581,2.1041882,-7.4248996,6.050921,1.8260757,1.3226199,0.3813534,3.0562327,-7.8400836,2.9916265
73,0.16646004,-0.58608085,0.7854581,2.1041882,-7.4248996,6.050921,0.9714925,0.67349356,0.14354014,3.0562327,-7.8400836,2.9916265
74,0.16646004,-0.58608085,0.7854581,2.1041882,-7.4248996,6.050921,0.9714925,0.67349356,0.14354014,0.9164511,-5.471189,5.06082
75,0.059723586,-0.4334997,0.89046925,1.0185114,-6.221122,7.512034,-0.5059857,-0.368038,-0.25099552,1.5643078,-7.223932,9.286545
76,0.007126572,-0.3419679,0.9303007,1.8314322,-6.8335433,6.7910914,-0.5059857,-0.368038,-0.25099552,1.5643078,-7.223932,9.286545
77,0.007126572,-0.3419679,0.9303007,1.8314322,-6.8335433,6.7910914,-1.2098384,-1.1272829,-0.5328828,2.6685956,-7.713264,4.202395
78,0.007126572,-0.3419679,0.9303007,1.8314322,-6.8335433,6.7910914,-1.2098384,-1.1272829,-0.5328828,2.6685956,-7.713264,4.202395
79,0.007126572,-0.3419679,0.9303007,1.8314322,-6.8335433,6.7910914,-1.2098384,-1.1272829,-0.5328828,2.6685956,-7.713264,4.202395
80,0.007126572,-0.3419679,0.9303007,1.8314322,-6.8335433,6.7910914,-1.2098384,-1.1272829,-0.5328828,2.6685956,-7.713264,4.202395
81,0.041953538,-0.3898597,0.9089389,3.7827628,-7.865609,4.4713855,-1.2098384,-1.1272829,-0.5328828,2.6685956,-7.713264,4.202395
82,0.041953538,-0.3898597,0.9089389,3.7827628,-7.865609,4.4713855,-1.3693571,-0.84259933,-0.17669553,2.6685956,-7.713264,4.202395
83,0.041953538,-0.3898597,0.9089389,3.7827628,-7.865609,4.4713855,-1.3693571,-0.84259933,-0.17669553,5.2827544,-8.165507,2.4299114
84,0.041953538,-0.3898597,0.9089389,3.7827628,-7.865609,4.4713855,-1.3693571,-0.84259933,-0.17669553,5.2827544,-8.165507,2.4299114
85,0.041953538,-0.3898597,0.9089389,3.7827628,-7.865609,4.4713855,-1.3693571,-0.84259933,-0.17669553,5.2827544,-8.165507,2.4299114
86,0.14126132,-0.50206375,0.8403323,4.576163,-8.529428,1.5741643,-1.3693571,-0.84259933,-0.17669553,5.2827544,-8.165507,2.4299114
87,0.14126132,-0.50206375,0.8403323,4.576163,-8.529428,1.5741643,-0.6685669,-0.575359,-0.5001269,5.2827544,-8.165507,2.4299114
88,0.14126132,-0.50206375,0.8403323,4.576163,-8.529428,1.5741643,-0.6685669,-0.575359,-0.5001269,4.991428,-8.029715,0.8111669
89,0.14126132,-0.50206375,0.8403323,4.576163,-8.529428,1.5741643,-0.6685669,-0.575359,-0.5001269,4.991428,-8.029715,0.8111669
90,0.14126132,-0.50206375,0.8403323,4.576163,-8.529428,1.5741643,-0.6685669,-0.575359,-0.5001269,4.991428,-8.029715,0.8111669
91,0.14126132,-0.50206375,0.8403323,4.576163,-8.529428,1.5741643,-0.6685669,-0.575359,-0.5001269,4.991428,-8.029715,0.8111669
92,0.19718477,-0.617137,0.74900526,5.4899797,-8.12586,-0.029855942,-0.6685669,-0.575359,-0.5001269,4.991428,-8.029715,0.8111669
93,0.19718477,-0.617137,0.74900526,5.4899797,-8.12586,-0.029855942,-0.097868286,-0.38481542,0.046337638,5.596214,-8.238488,0.89491564
94,0.19718477,-0.617137,0.74900526,5.4899797,-8.12586,-0.029855942,-0.097868286,-0.38481542,0.046337638,5.596214,-8.238488,0.89491564
95,0.19718477,-0.617137,0.74900526,5.4899797,-8.12586,-0.029855942,-0.097868286,-0.38481542,0.046337638,5.596214,-8.238488,0.89491564
96,0.19718477,-0.617137,0.74900526,5.4899797,-8.12586,-0.029855942,-0.097868286,-0.38481542,0.046337638,5.596214,-8.238488,0.89491564
97,0.2599038,-0.65876573,0.68925947,5.3851824,-8.177071,-0.55290437,0.052196417,-0.21144876,0.21504392,5.596214,-8.238488,0.89491564
98,0.2599038,-0.65876573,0.68925947,5.3851824,-8.177071,-0.55290437,0.052196417,-0.21144876,0.21504392,7.140183,-10.502697,-0.5886344
99,0.2599038,-0.65876573,0.68925947,5.3851824,-8.177071,-0.55290437,0.052196417,-0.21144876,0.21504392,7.140183,-10.502697,-0.5886344
100,0.27967206,-0.67080086,0.6748622,5.047616,-8.381527,-0.6648048,1.5929228,0.48428157,0.6543194,4.7826543,-10.203594,2.8432715
101,0.27967206,-0.67080086,0.6748622,5.047616,-8.381527,-0.6648048,1.5929228,0.48428157,0.6543194,4.7826543,-10.203594,2.8432715
102,0.27967206,-0.67080086,0.6748622,5.047616,-8.381527,-0.6648048,1.5929228,0.48428157,0.6543194,4.7826543,-10.203594,2.8432715
103,0.2818474,-0.67413473,0.6754492,3.8508413,-8.67258,2.4754329,1.5929228,0.48428157,0.6543194,4.7826543,-10.203594,2.8432715
104,0.2818474,-0.67413473,0.6754492,3.8508413,-8.67258,2.4754329,2.0275378,1.21117,0.32702655,3.1166515,-7.372287,2.914458
105,0.2818474,-0.67413473,0.6754492,3.8508413,-8.67258,2.4754329,2.0275378,1.21117,0.32702655,3.1166515,-7.372287,2.914458
106,0.2818474,-0.67413473,0.6754492,3.8508413,-8.67258,2.4754329,2.0275378,1.21117,0.32702655,3.1166515,-7.372287,2.914458
107,0.2818474,-0.67413473,0.6754492,3.8508413,-8.67258,2.4754329,2.0275378,1.21117,0.32702655,3.1166515,-7.372287,2.914458
108,0.21821798,-0.57111204,0.7902286,2.3025756,-7.177567,6.273043,2.0275378,1.21117,0.32702655,3.1166515,-7.372287,2.914458
109,0.21821798,-0.57111204,0.7902286,2.3025756,-7.177567,6.273043,0.7167687,0.72142905,0.0059919357,3.1166515,-7.372287,2.914458
110,0.21821798,-0.57111204,0.7902286,2.3025756,-7.177567,6.273043,0.7167687,0.72142905,0.0059919357,1.1934203,-5.011169,4.985446
111,0.21821798,-0.57111204,0.7902286,2.3025756,-7.177567,6.273043,0.7167687,0.72142905,0.0059919357,1.1934203,-5.011169,4.985446
112,0.21821798,-0.57111204,0.7902286,2.3025756,-7.177567,6.273043,0.7167687,0.72142905,0.0059919357,1.1934203,-5.011169,4.985446
113,0.21821798,-0.57111204,0.7902286,2.3025756,-7.177567,6.273043,0.7167687,0.72142905,0.0059919357,1.1934203,-5.011169,4.985446
114,0.112266056,-0.40934113,0.90462077,1.3057826,-6.269012,7.427301,0.7167687,0.72142905,0.0059919357,1.1934203,-5.011169,4.985446
115,0.112266056,-0.40934113,0.90462077,1.3057826,-6.269012,7.427301,-0.5139749,-0.24247366,-0.3384778,1.1724831,-7.3160553,8.298309
116,0.112266056,-0.40934113,0.90462077,1.3057826,-6.269012,7.427301,-0.5139749,-0.24247366,-0.3384778,1.1724831,-7.3160553,8.298309
117,0.112266056,-0.40934113,0.90462077,1.3057826,-6.269012,7.427301,-0.5139749,-0.24247366,-0.3384778,1.1724831,-7.3160553,8.298309
118,0.112266056,-0.40934113,0.90462077,1.3057826,-6.269012,7.427301,-0.5139749,-0.24247366,-0.3384778,1.1724831,-7.3160553,8.298309
119,0.05073044,-0.34458593,0.93574184,2.0564756,-6.840437,6.719353,-0.5139749,-0.24247366,-0.3384778,1.1724831,-7.3160553,8.298309
120,0.05073044,-0.34458593,0.93574184,2.0564756,-6.840437,6.719353,-1.5142287,-1.1931942,-0.30758604,1.1724831,-7.3160553,8.298309
121,0.05073044,-0.34458593,0.93574184,2.0564756,-6.840437,6.719353,-1.5142287,-1.1931942,-0.30758604,4.597809,-8.925228,4.1054854
122,0.05073044,-0.34458593,0.93574184,2.0564756,-6.840437,6.719353,-1.5142287,-1.1931942,-0.30758604,4.597809,-8.925228,4.1054854
123,0.05073044,-0.34458593,0.93574184,2.0564756,-6.840437,6.719353,-1.5142287,-1.1931942,-0.30758604,4.597809,-8.925228,4.1054854
124,0.05073044,-0.34458593,0.93574184,2.0564756,-6.840437,6.719353,-1.5142287,-1.1931942,-0.30758604,4.597809,-8.925228,4.1054854
125,0.081379995,-0.38831124,0.9145784,3.7124026,-8.255054,3.7739265,-1.5142287,-1.1931942,-0.30758604,4.597809,-8.925228,4.1054854
126,0.081379995,-0.38831124,0.9145784,3.7124026,-8.255054,3.7739265,-1.4077054,-0.19826649,-0.31770575,4.667799,-7.7593255,2.2307088
127,0.081379995,-0.38831124,0.9145784,3.7124026,-8.255054,3.7739265,-1.4077054,-0.19826649,-0.31770575,4.667799,-7.7593255,2.2307088
128,0.081379995,-0.38831124,0.9145784,3.7124026,-8.255054,3.7739265,-1.4077054,-0.19826649,-0.31770575,4.667799,-7.7593255,2.2307088
129,0.081379995,-0.38831124,0.9145784,3.7124026,-8.255054,3.7739265,-1.4077054,-0.19826649,-0.31770575,4.667799,-7.7593255,2.2307088
130,0.081379995,-0.38831124,0.9145784,3.7124026,-8.255054,3.7739265,-1.4077054,-0.19826649,-0.31770575,4.667799,-7.7593255,2.2307088
131,0.1853014,-0.52273005,0.82932335,4.4073462,-8.665369,1.287267,-1.4077054,-0.19826649,-0.31770575,4.667799,-7.7593255,2.2307088
132,0.1853014,-0.52273005,0.82932335,4.4073462,-8.665369,1.287267,-0.41344357,-0.5146407,-0.31477636,4.7605205,-8.2965145,1.5122639
133,0.1853014,-0.52273005,0.82932335,4.4073462,-8.665369,1.287267,-0.41344357,-0.5146407,-0.31477636,4.7605205,-8.2965145,1.5122639
134,0.1853014,-0.52273005,0.82932335,4.4073462,-8.665369,1.287267,-0.41344357,-0.5146407,-0.31477636,4.7605205,-8.2965145,1.5122639
135,0.1853014,-0.52273005,0.82932335,4.4073462,-8.665369,1.287267,-0.41344357,-0.5146407,-0.31477636,4.7605205,-8.2965145,1.5122639
136,0.20947649,-0.6248898,0.7439666,5.0008936,-8.4334755,0.19475871,-0.41344357,-0.5146407,-0.31477636,4.7605205,-8.2965145,1.5122639
137,0.20947649,-0.6248898,0.7439666,5.0008936,-8.4334755,0.19475871,-0.025965055,-0.66137654,0.15259463,4.7605205,-8.2965145,1.5122639
138,0.20947649,-0.6248898,0.7439666,5.0008936,-8.4334755,0.19475871,-0.025965055,-0.66137654,0.15259463,6.1860447,-9.291928,0.111266255
139,0.20947649,-0.6248898,0.7439666,5.0008936,-8.4334755,0.19475871,-0.025965055,-0.66137654,0.15259463,6.1860447,-9.291928,0.111266255
140,0.20947649,-0.6248898,0.7439666,5.0008936,-8.4334755,0.19475871,-0.025965055,-0.66137654,0.15259463,6.1860447,-9.291928,0.111266255
141,0.20947649,-0.6248898,0.7439666,5.0008936,-8.4334755,0.19475871,-0.025965055,-0.66137654,0.15259463,6.1860447,-9.291928,0.111266255
142,0.26084748,-0.64963734,0.7057062,4.752324,-8.567648,-0.42568818,-0.025965055,-0.66137654,0.15259463,6.1860447,-9.291928,0.111266255
143,0.26084748,-0.64963734,0.7057062,4.752324,-8.567648,-0.42568818,0.7768212,0.71916544,0.40998155,6.1860447,-9.291928,0.111266255
144,0.26084748,-0.64963734,0.7057062,4.752324,-8.567648,-0.42568818,0.7768212,0.71916544,0.40998155,5.096712,-11.274981,2.062613
145,0.26084748,-0.64963734,0.7057062,4.752324,-8.567648,-0.42568818,0.7768212,0.71916544,0.40998155,5.096712,-11.274981,2.062613
146,0.26084748,-0.64963734,0.7057062,4.752324,-8.567648,-0.42568818,0.7768212,0.71916544,0.40998155,5.096712,-11.274981,2.062613
147,0.26084748,-0.64963734,0.7057062,4.752324,-8.567648,-0.42568818,0.7768212,0.71916544,0.40998155,5.096712,-11.274981,2.062613
148,0.29667106,-0.6585517,0.6891989,3.9941683,-8.83539,1.4672738,0.7768212,0.71916544,0.40998155,5.096712,-11.274981,2.062613
149,0.29667106,-0.6585517,0.6891989,3.9941683,-8.83539,1.4672738,2.1690807,0.0969362,0.41690558,4.087539,-8.379665,2.7242286
150,0.29667106,-0.6585517,0.6891989,3.9941683,-8.83539,1.4672738,2.1690807,0.0969362,0.41690558,4.087539,-8.379665,2.7242286
151,0.29667106,-0.6585517,0.6891989,3.9941683,-8.83539,1.4672738,2.1690807,0.0969362,0.41690558,4.087539,-8.379665,2.7242286
152,0.29667106,-0.6585517,0.6891989,3.9941683,-8.83539,1.4672738,2.1690807,0.0969362,0.41690558,4.087539,-8.379665,2.7242286
153,0.29667106,-0.6585517,0.6891989,3.9941683,-8.83539,1.4672738,2.1690807,0.0969362,0.41690558,4.087539,-8.379665,2.7242286
154,0.2260406,-0.6116335,0.7562753,3.308751,-7.740431,5.030733,2.1690807,0.0969362,0.41690558,4.087539,-8.379665,2.7242286
155,0.2260406,-0.6116335,0.7562753,3.308751,-7.740431,5.030733,1.3794768,1.0647004,0.23621543,4.087539,-8.379665,2.7242286
156,0.2260406,-0.6116335,0.7562753,3.308751,-7.740431,5.030733,1.3794768,1.0647004,0.23621543,1.8490537,-5.5704913,4.4189453
157,0.2260406,-0.6116335,0.7562753,3.308751,-7.740431,5.030733,1.3794768,1.0647004,0.23621543,1.8490537,-5.5704913,4.4189453
158,0.2260406,-0.6116335,0.7562753,3.308751,-7.740431,5.030733,1.3794768,1.0647004,0.23621543,1.8490537,-5.5704913,4.4189453
159,0.2260406,-0.6116335,0.7562753,3.308751,-7.740431,5.030733,1.3794768,1.0647004,0.23621543,1.8490537,-5.5704913,4.4189453
160,-0.20578246,0.44850594,-0.8694691,1.659365,-6.2326875,7.387185,1.3794768,1.0647004,0.23621543,1.8490537,-5.5704913,4.4189453
161,-0.20578246,0.44850594,-0.8694691,1.659365,-6.2326875,7.387185,-0.3259613,-0.4139762,0.08868065,1.8490537,-5.5704913,4.4189453
162,-0.20578246,0.44850594,-0.8694691,1.659365,-6.2326875,7.387185,-0.3259613,-0.4139762,0.08868065,1.7413766,-5.965905,7.0749784
163,-0.20578246,0.44850594,-0.8694691,1.659365,-6.2326875,7.387185,-0.3259613,-0.4139762,0.08868065,1.7413766,-5.965905,7.0749784
164,-0.20578246,0.44850594,-0.8694691,1.659365,-6.2326875,7.387185,-0.3259613,-0.4139762,0.08868065,1.7413766,-5.965905,7.0749784
165,-0.20578246,0.44850594,-0.8694691,1.659365,-6.2326875,7.387185,-0.3259613,-0.4139762,0.08868065,1.7413766,-5.965905,7.0749784
166,-0.101497196,0.33623907,-0.9357828,2.1187627,-6.700418,6.840002,-0.3259613,-0.4139762,0.08868065,1.7413766,-5.965905,7.0749784
167,-0.101497196,0.33623907,-0.9357828,2.1187627,-6.700418,6.840002,-1.166297,-1.2485863,-0.1758966,3.377469,-8.99821,5.4317074
168,-0.101497196,0.33623907,-0.9357828,2.1187627,-6.700418,6.840002,-1.166297,-1.2485863,-0.1758966,3.377469,-8.99821,5.4317074
169,-0.101497196,0.33623907,-0.9357828,2.1187627,-6.700418,6.840002,-1.166297,-1.2485863,-0.1758966,3.377469,-8.99821,5.4317074
170,-0.101497196,0.33623907,-0.9357828,2.1187627,-6.700418,6.840002,-1.166297,-1.2485863,-0.1758966,3.377469,-8.99821,5.4317074
171,-0.101497196,0.33623907,-0.9357828,2.1187627,-6.700418,6.840002,-1.166297,-1.2485863,-0.1758966,3.377469,-8.99821,5.4317074
172,-0.13858046,0.36339015,-0.9197199,3.716828,-7.8902397,4.483267,-1.166297,-1.2485863,-0.1758966,3.377469,-8.99821,5.4317074
173,-0.13858046,0.36339015,-0.9197199,3.716828,-7.8902397,4.483267,-1.2315426,-0.54553246,-0.04101147,4.916652,-8.02792,2.6004
174,-0.13858046,0.36339015,-0.9197199,3.716828,-7.8902397,4.483267,-1.2315426,-0.54553246,-0.04101147,4.916652,-8.02792,2.6004
175,-0.13858046,0.36339015,-0.9197199,3.716828,-7.8902397,4.483267,-1.2315426,-0.54553246,-0.04101147,4.916652,-8.02792,2.6004
176,-0.13858046,0.36339015,-0.9197199,3.716828,-7.8902397,4.483267,-1.2315426,-0.54553246,-0.04101147,4.916652,-8.02792,2.6004
177,-0.13858046,0.36339015,-0.9197199,3.716828,-7.8902397,4.483267,-1.2315426,-0.54553246,-0.04101147,4.916652,-8.02792,2.6004
178,-0.25976834,0.4515943,-0.85071874,4.1853843,-8.62459,2.066252,-1.2315426,-0.54553246,-0.04101147,4.916652,-8.02792,2.6004
179,-0.25976834,0.4515943,-0.85071874,4.1853843,-8.62459,2.066252,-0.6219629,-0.3860138,-0.4075848,4.851448,-8.196614,2.0979073
180,-0.25976834,0.4515943,-0.85071874,4.1853843,-8.62459,2.066252,-0.6219629,-0.3860138,-0.4075848,4.851448,-8.196614,2.0979073
181,-0.25976834,0.4515943,-0.85071874,4.1853843,-8.62459,2.066252,-0.6219629,-0.3860138,-0.4075848,4.851448,-8.196614,2.0979073
182,-0.25976834,0.4515943,-0.85071874,4.1853843,-8.62459,2.066252,-0.6219629,-0.3860138,-0.4075848,4.851448,-8.196614,2.0979073
183,-0.25976834,0.4515943,-0.85071874,4.1853843,-8.62459,2.066252,-0.6219629,-0.3860138,-0.4075848,4.851448,-8.196614,2.0979073
184,-0.31611085,0.54288524,-0.77582675,4.975281,-8.416798,0.7579498,-0.6219629,-0.3860138,-0.4075848,4.851448,-8.196614,2.0979073
185,-0.31611085,0.54288524,-0.77582675,4.975281,-8.416798,0.7579498,-0.0612509,-0.7418016,0.06324821,5.189434,-8.321639,1.3710874
186,-0.31611085,0.54288524,-0.77582675,4.975281,-8.416798,0.7579498,-0.0612509,-0.7418016,0.06324821,5.189434,-8.321639,1.3710874
187,-0.31611085,0.54288524,-0.77582675,4.975281,-8.416798,0.7579498,-0.0612509,-0.7418016,0.06324821,5.189434,-8.321639,1.3710874
188,-0.31611085,0.54288524,-0.77582675,4.975281,-8.416798,0.7579498,-0.0612509,-0.7418016,0.06324821,5.189434,-8.321639,1.3710874
189,-0.31611085,0.54288524,-0.77582675,4.975281,-8.416798,0.7579498,-0.0612509,-0.7418016,0.06324821,5.189434,-8.321639,1.3710874
190,-0.36931327,0.5700553,-0.7333072,4.915964,-8.485495,-0.0076963725,-0.0612509,-0.7418016,0.06324821,5.189434,-8.321639,1.3710874
191,-0.36931327,0.5700553,-0.7333072,4.915964,-8.485495,-0.0076963725,0.23048979,-0.4334167,0.26377833,6.3942204,-11.294721,-0.36430725
192,-0.36931327,0.5700553,-0.7333072,4.915964,-8.485495,-0.0076963725,0.23048979,-0.4334167,0.26377833,6.3942204,-11.294721,-0.36430725
193,-0.36931327,0.5700553,-0.7333072,4.915964,-8.485495,-0.0076963725,0.23048979,-0.4334167,0.26377833,6.3942204,-11.294721,-0.36430725
194,-0.36931327,0.5700553,-0.7333072,4.915964,-8.485495,-0.0076963725,0.23048979,-0.4334167,0.26377833,6.3942204,-11.294721,-0.36430725
195,-0.36931327,0.5700553,-0.7333072,4.915964,-8.485495,-0.0076963725,0.23048979,-0.4334167,0.26377833,6.3942204,-11.294721,-0.36430725
196,-0.41806248,0.57062787,-0.7027712,4.4998255,-8.713179,-0.04993036,0.23048979,-0.4334167,0.26377833,6.3942204,-11.294721,-0.36430725
197,-0.41806248,0.57062787,-0.7027712,4.4998255,-8.713179,-0.04993036,2.055234,0.02037258,0.43927547,3.5443685,-10.548161,2.5082762
198,-0.41806248,0.57062787,-0.7027712,4.4998255,-8.713179,-0.04993036,2.055234,0.02037258,0.43927547,3.5443685,-10.548161,2.5082762
199,-0.41806248,0.57062787,-0.7027712,4.4998255,-8.713179,-0.04993036,2.055234,0.02037258,0.43927547,3.5443685,-10.548161,2.5082762
200,-0.41806248,0.57062787,-0.7027712,4.4998255,-8.713179,-0.04993036,2.055234,0.02037258,0.43927547,3.5443685,-10.548161,2.5082762
201,-0.43451163,0.56012976,-0.6935201,3.6991575,-8.4112015,3.4261222,2.055234,0.02037258,0.43927547,3.5443685,-10.548161,2.5082762
202,-0.43451163,0.56012976,-0.6935201,3.6991575,-8.4112015,3.4261222,1.8770738,0.47882223,0.48521364,3.5443685,-10.548161,2.5082762
203,-0.43451163,0.56012976,-0.6935201,3.6991575,-8.4112015,3.4261222,1.8770738,0.47882223,0.48521364,2.3653052,-6.9930243,3.7447674
204,-0.43451163,0.56012976,-0.6935201,3.6991575,-8.4112015,3.4261222,1.8770738,0.47882223,0.48521364,2.3653052,-6.9930243,3.7447674
205,-0.43451163,0.56012976,-0.6935201,3.6991575,-8.4112015,3.4261222,1.8770738,0.47882223,0.48521364,2.3653052,-6.9930243,3.7447674
206,-0.43451163,0.56012976,-0.6935201,3.6991575,-8.4112015,3.4261222,1.8770738,0.47882223,0.48521364,2.3653052,-6.9930243,3.7447674
207,-0.3749557,0.429796,-0.7839666,2.469033,-6.9445157,6.469001,1.8770738,0.47882223,0.48521364,2.3653052,-6.9930243,3.7447674
208,-0.3749557,0.429796,-0.7839666,2.469033,-6.9445157,6.469001,0.7655031,0.6006583,0.4824174,2.3653052,-6.9930243,3.7447674
209,-0.3749557,0.429796,-0.7839666,2.469033,-6.9445157,6.469001,0.7655031,0.6006583,0.4824174,1.0241281,-4.3609195,5.8474603
210,-0.3749557,0.429796,-0.7839666,2.469033,-6.9445157,6.469001,0.7655031,0.6006583,0.4824174,1.0241281,-4.3609195,5.8474603
211,-0.3749557,0.429796,-0.7839666,2.469033,-6.9445157,6.469001,0.7655031,0.6006583,0.4824174,1.0241281,-4.3609195,5.8474603
212,-0.3749557,0.429796,-0.7839666,2.469033,-6.9445157,6.469001,0.7655031,0.6006583,0.4824174,1.0241281,-4.3609195,5.8474603
213,-0.2697103,0.31213638,-0.84896857,1.037383,-6.071479,7.6309485,0.7655031,0.6006583,0.4824174,1.0241281,-4.3609195,5.8474603
214,-0.2697103,0.31213638,-0.84896857,1.037383,-6.071479,7.6309485,-0.41437563,-0.4014597,0.025432438,1.0241281,-4.3609195,5.8474603
215,-0.2697103,0.31213638,-0.84896857,1.037383,-6.071479,7.6309485,-0.41437563,-0.4014597,0.025432438,0.6771688,-7.0019975,8.316256
216,-0.2697103,0.31213638,-0.84896857,1.037383,-6.071479,7.6309485,-0.41437563,-0.4014597,0.025432438,0.6771688,-7.0019975,8.316256
217,-0.2697103,0.31213638,-0.84896857,1.037383,-6.071479,7.6309485,-0.41437563,-0.4014597,0.025432438,0.6771688,-7.0019975,8.316256
218,-0.2697103,0.31213638,-0.84896857,1.037383,-6.071479,7.6309485,-0.41437563,-0.4014597,0.025432438,0.6771688,-7.0019975,8.316256
219,-0.18128991,0.27939916,-0.86612654,1.5374374,-6.6406384,7.0504327,-0.41437563,-0.4014597,0.025432438,0.6771688,-7.0019975,8.316256
220,-0.18128991,0.27939916,-0.86612654,1.5374374,-6.6406384,7.0504327,-1.3174269,-1.7971812,-0.0026630824,0.6771688,-7.0019975,8.316256
221,-0.18128991,0.27939916,-0.86612654,1.5374374,-6.6406384,7.0504327,-1.3174269,-1.7971812,-0.0026630824,4.343571,-8.614759,3.9607196
222,-0.18128991,0.27939916,-0.86612654,1.5374374,-6.6406384,7.0504327,-1.3174269,-1.7971812,-0.0026630824,4.343571,-8.614759,3.9607196
223,-0.18128991,0.27939916,-0.86612654,1.5374374,-6.6406384,7.0504327,-1.3174269,-1.7971812,-0.0026630824,4.343571,-8.614759,3.9607196
224,-0.18128991,0.27939916,-0.86612654,1.5374374,-6.6406384,7.0504327,-1.3174269,-1.7971812,-0.0026630824,4.343571,-8.614759,3.9607196
225,-0.2263477,0.2988222,-0.84621966,3.5614724,-8.121219,4.1871347,-1.3174269,-1.7971812,-0.0026630824,4.343571,-8.614759,3.9607196
226,-0.2263477,0.2988222,-0.84621966,3.5614724,-8.121219,4.1871347,-1.035806,-0.68827367,-0.11451255,4.9250274,-8.733803,2.0147567
227,-0.2263477,0.2988222,-0.84621966,3.5614724,-8.121219,4.1871347,-1.035806,-0.68827367,-0.11451255,4.9250274,-8.733803,2.0147567
228,-0.2263477,0.2988222,-0.84621966,3.5614724,-8.121219,4.1871347,-1.035806,-0.68827367,-0.11451255,4.9250274,-8.733803,2.0147567
229,-0.2263477,0.2988222,-0.84621966,3.5614724,-8.121219,4.1871347,-1.035806,-0.68827367,-0.11451255,4.9250274,-8.733803,2.0147567
230,-0.2263477,0.2988222,-0.84621966,3.5614724,-8.121219,4.1871347,-1.035806,-0.68827367,-0.11451255,4.9250274,-8.733803,2.0147567
231,-0.4188361,0.33330446,-0.74713063,4.22146,-8.637083,1.9366088,-1.035806,-0.68827367,-0.11451255,4.9250274,-8.733803,2.0147567
232,-0.4188361,0.33330446,-0.74713063,4.22146,-8.637083,1.9366088,-0.38068765,-0.80212045,-0.27829212,4.858028,-8.002197,1.6540387
233,-0.4188361,0.33330446,-0.74713063,4.22146,-8.637083,1.9366088,-0.38068765,-0.80212045,-0.27829212,4.858028,-8.002197,1.6540387
234,-0.4188361,0.33330446,-0.74713063,4.22146,-8.637083,1.9366088,-0.38068765,-0.80212045,-0.27829212,4.858028,-8.002197,1.6540387
235,-0.4188361,0.33330446,-0.74713063,4.22146,-8.637083,1.9366088,-0.38068765,-0.80212045,-0.27829212,4.858028,-8.002197,1.6540387
236,-0.4188361,0.33330446,-0.74713063,4.22146,-8.637083,1.9366088,-0.38068765,-0.80212045,-0.27829212,4.858028,-8.002197,1.6540387
237,-0.5109703,0.3743926,-0.6849647,4.8749304,-8.486066,0.62620264,-0.38068765,-0.80212045,-0.27829212,4.858028,-8.002197,1.6540387
238,-0.5109703,0.3743926,-0.6849647,4.8749304,-8.486066,0.62620264,-0.07643047,-0.934742,0.19467133,5.785247,-9.002397,0.060418773
239,-0.5109703,0.3743926,-0.6849647,4.8749304,-8.486066,0.62620264,-0.07643047,-0.934742,0.19467133,5.785247,-9.002397,0.060418773
240,-0.5109703,0.3743926,-0.6849647,4.8749304,-8.486066,0.62620264,-0.07643047,-0.934742,0.19467133,5.785247,-9.002397,0.060418773
241,-0.5109703,0.3743926,-0.6849647,4.8749304,-8.486066,0.62620264,-0.07643047,-0.934742,0.19467133,5.785247,-9.002397,0.060418773
242,-0.584476,0.35561264,-0.6390791,4.6003675,-8.654095,-0.33711886,-0.07643047,-0.934742,0.19467133,5.785247,-9.002397,0.060418773
243,-0.584476,0.35561264,-0.6390791,4.6003675,-8.654095,-0.33711886,-0.07643047,-0.934742,0.19467133,5.785247,-9.002397,0.060418773
244,-0.584476,0.35561264,-0.6390791,4.6003675,-8.654095,-0.33711886,0.49626544,0.3236977,0.31397742,5.0937214,-10.957334,1.2107682
245,-0.584476,0.35561264,-0.6390791,4.6003675,-8.654095,-0.33711886,0.49626544,0.3236977,0.31397742,5.0937214,-10.957334,1.2107682
246,-0.584476,0.35561264,-0.6390791,4.6003675,-8.654095,-0.33711886,0.49626544,0.3236977,0.31397742,5.0937214,-10.957334,1.2107682
247,-0.584476,0.35561264,-0.6390791,4.6003675,-8.654095,-0.33711886,0.49626544,0.3236977,0.31397742,5.0937214,-10.957334,1.2107682
248,-0.584476,0.35561264,-0.6390791,4.6003675,-8.654095,-0.33711886,0.49626544,0.3236977,0.31397742,5.0937214,-10.957334,1.2107682
249,-0.63564336,0.3363715,-0.5752481,4.086648,-8.883508,0.743631,0.49626544,0.3236977,0.31397742,5.0937214,-10.957334,1.2107682
250,-0.63564336,0.3363715,-0.5752481,4.086648,-8.883508,0.743631,2.3052974,0.05059857,0.39866346,4.106682,-10.004392,2.7631118
251,-0.63564336,0.3363715,-0.5752481,4.086648,-8.883508,0.743631,2.3052974,0.05059857,0.39866346,4.106682,-10.004392,2.7631118
252,-0.63564336,0.3363715,-0.5752481,4.086648,-8.883508,0.743631,2.3052974,0.05059857,0.39866346,4.106682,-10.004392,2.7631118
253,-0.63564336,0.3363715,-0.5752481,4.086648,-8.883508,0.743631,2.3052974,0.05059857,0.39866346,4.106682,-10.004392,2.7631118
254,-0.63564336,0.3363715,-0.5752481,4.086648,-8.883508,0.743631,2.3052974,0.05059857,0.39866346,4.106682,-10.004392,2.7631118
255,-0.5886109,0.3400332,-0.59871143,3.3960817,-7.9819736,4.574396,2.3052974,0.05059857,0.39866346,4.106682,-10.004392,2.7631118
256,-0.5886109,0.3400332,-0.59871143,3.3960817,-7.9819736,4.574396,1.7696184,1.0195612,0.15911919,1.9357935,-6.1495543,3.559922
257,-0.5886109,0.3400332,-0.59871143,3.3960817,-7.9819736,4.574396,1.7696184,1.0195612,0.15911919,1.9357935,-6.1495543,3.559922
258,-0.5886109,0.3400332,-0.59871143,3.3960817,-7.9819736,4.574396,1.7696184,1.0195612,0.15911919,1.9357935,-6.1495543,3.559922
259,-0.5886109,0.3400332,-0.59871143,3.3960817,-7.9819736,4.574396,1.7696184,1.0195612,0.15911919,1.9357935,-6.1495543,3.559922
260,-0.5886109,0.3400332,-0.59871143,3.3960817,-7.9819736,4.574396,1.7696184,1.0195612,0.15911919,1.9357935,-6.1495543,3.559922
261,-0.46591577,0.22291972,-0.64248174,1.9236224,-6.058993,7.4671726,1.7696184,1.0195612,0.15911919,1.9357935,-6.1495543,3.559922
262,-0.46591577,0.22291972,-0.64248174,1.9236224,-6.058993,7.4671726,-0.24886507,-0.2786916,0.041144624,1.4051851,-5.0889354,6.7591257
263,-0.46591577,0.22291972,-0.64248174,1.9236224,-6.058993,7.4671726,-0.24886507,-0.2786916,0.041144624,1.4051851,-5.0889354,6.7591257
264,-0.46591577,0.22291972,-0.64248174,1.9236224,-6.058993,7.4671726,-0.24886507,-0.2786916,0.041144624,1.4051851,-5.0889354,6.7591257
265,-0.46591577,0.22291972,-0.64248174,1.9236224,-6.058993,7.4671726,-0.24886507,-0.2786916,0.041144624,1.4051851,-5.0889354,6.7591257
266,-0.46591577,0.22291972,-0.64248174,1.9236224,-6.058993,7.4671726,-0.24886507,-0.2786916,0.041144624,1.4051851,-5.0889354,6.7591257
267,-0.46591577,0.22291972,-0.64248174,2.254925,-6.4269958,7.055454,-0.24886507,-0.2786916,0.041144624,1.4051851,-5.0889354,6.7591257
268,-0.2967853,0.17663139,-0.70148623,2.254925,-6.4269958,7.055454,-1.39692,-1.3318076,-0.037815772,3.804588,-9.690333,4.9692945
269,-0.2967853,0.17663139,-0.70148623,2.254925,-6.4269958,7.055454,-1.39692,-1.3318076,-0.037815772,3.804588,-9.690333,4.9692945
270,-0.2967853,0.17663139,-0.70148623,2.254925,-6.4269958,7.055454,-1.39692,-1.3318076,-0.037815772,3.804588,-9.690333,4.9692945
271,-0.2967853,0.17663139,-0.70148623,2.254925,-6.4269958,7.055454,-1.39692,-1.3318076,-0.037815772,3.804588,-9.690333,4.9692945
272,-0.2967853,0.17663139,-0.70148623,3.7603087,-7.9718843,4.2987843,-1.39692,-1.3318076,-0.037815772,3.804588,-9.690333,4.9692945
273,-0.32915267,0.17869104,-0.68721414,3.7603087,-7.9718843,4.2987843,-1.39692,-1.3318076,-0.037815772,3.804588,-9.690333,4.9692945
274,-0.32915267,0.17869104,-0.68721414,3.7603087,-7.9718843,4.2987843,-1.6200863,-0.12636326,-0.24393836,4.668397,-8.109874,1.8831514
275,-0.32915267,0.17869104,-0.68721414,3.7603087,-7.9718843,4.2987843,-1.6200863,-0.12636326,-0.24393836,4.668397,-8.109874,1.8831514
276,-0.32915267,0.17869104,-0.68721414,3.7603087,-7.9718843,4.2987843,-1.6200863,-0.12636326,-0.24393836,4.668397,-8.109874,1.8831514
277,-0.32915267,0.17869104,-0.68721414,3.7603087,-7.9718843,4.2987843,-1.6200863,-0.12636326,-0.24393836,4.668397,-8.109874,1.8831514
278,-0.49518955,0.188707,-0.6112014,4.33647,-8.662455,1.525546,-1.6200863,-0.12636326,-0.24393836,4.668397,-8.109874,1.8831514
279,-0.49518955,0.188707,-0.6112014,4.33647,-8.662455,1.525546,-1.6200863,-0.12636326,-0.24393836,4.668397,-8.109874,1.8831514
280,-0.49518955,0.188707,-0.6112014,4.33647,-8.662455,1.525546,-0.5794868,-0.41024786,-0.36404338,4.738387,-8.413164,1.6761723
281,-0.49518955,0.188707,-0.6112014,4.33647,-8.662455,1.525546,-0.5794868,-0.41024786,-0.36404338,4.738387,-8.413164,1.6761723
282,-0.49518955,0.188707,-0.6112014,4.33647,-8.662455,1.525546,-0.5794868,-0.41024786,-0.36404338,4.738387,-8.413164,1.6761723
283,-0.49518955,0.188707,-0.6112014,4.33647,-8.662455,1.525546,-0.5794868,-0.41024786,-0.36404338,4.738387,-8.413164,1.6761723
284,-0.5941552,0.26305586,-0.5863042,4.979134,-8.444966,0.24729098,-0.5794868,-0.41024786,-0.36404338,4.738387,-8.413164,1.6761723
285,-0.5941552,0.26305586,-0.5863042,4.979134,-8.444966,0.24729098,-0.5794868,-0.41024786,-0.36404338,4.738387,-8.413164,1.6761723
286,-0.5941552,0.26305586,-0.5863042,4.979134,-8.444966,0.24729098,-0.08202294,-0.41663927,0.1207708,6.0831532,-9.2177515,0.3684947
287,-0.5941552,0.26305586,-0.5863042,4.979134,-8.444966,0.24729098,-0.08202294,-0.41663927,0.1207708,6.0831532,-9.2177515,0.3684947
288,-0.5941552,0.26305586,-0.5863042,4.979134,-8.444966,0.24729098,-0.08202294,-0.41663927,0.1207708,6.0831532,-9.2177515,0.3684947
289,-0.5941552,0.26305586,-0.5863042,4.979134,-8.444966,0.24729098,-0.08202294,-0.41663927,0.1207708,6.0831532,-9.2177515,0.3684947
290,-0.6491143,0.25698692,-0.5651292,4.786218,-8.556115,-0.23534825,-0.08202294,-0.41663927,0.1207708,6.0831532,-9.2177515,0.3684947
291,-0.6491143,0.25698692,-0.5651292,4.786218,-8.556115,-0.23534825,-0.08202294,-0.41663927,0.1207708,6.0831532,-9.2177515,0.3684947
292,-0.6491143,0.25698692,-0.5651292,4.786218,-8.556115,-0.23534825,0.7208964,1.0745538,0.431952,5.035097,-11.737393,2.352743
293,-0.6491143,0.25698692,-0.5651292,4.786218,-8.556115,-0.23534825,0.7208964,1.0745538,0.431952,5.035097,-11.737393,2.352743
294,-0.6491143,0.25698692,-0.5651292,4.786218,-8.556115,-0.23534825,0.7208964,1.0745538,0.431952,5.035097,-11.737393,2.352743
295,-0.6491143,0.25698692,-0.5651292,4.786218,-8.556115,-0.23534825,0.7208964,1.0745538,0.431952,5.035097,-11.737393,2.352743
296,-0.6491143,0.25698692,-0.5651292,3.8999903,-8.807343,1.8415178,0.7208964,1.0745538,0.431952,5.035097,-11.737393,2.352743
297,-0.6698779,0.25152138,-0.53358185,3.8999903,-8.807343,1.8415178,0.7208964,1.0745538,0.431952,5.035097,-11.737393,2.352743
298,-0.6698779,0.25152138,-0.53358185,3.8999903,-8.807343,1.8415178,2.2379215,0.036084767,0.33075485,4.322634,-8.403593,2.2007985
299,-0.6698779,0.25152138,-0.53358185,3.8999903,-8.807343,1.8415178,2.2379215,0.036084767,0.33075485,4.322634,-8.403593,2.2007985
300,-0.6698779,0.25152138,-0.53358185,3.8999903,-8.807343,1.8415178,2.2379215,0.036084767,0.33075485,4.322634,-8.403593,2.2007985
301,-0.6698779,0.25152138,-0.53358185,3.8999903,-8.807343,1.8415178,2.2379215,0.036084767,0.33075485,4.322634,-8.403593,2.2007985
302,-0.5675475,0.289825,-0.5983601,3.4285436,-7.445873,5.3827925,2.2379215,0.036084767,0.33075485,4.322634,-8.403593,2.2007985
303,-0.5675475,0.289825,-0.5983601,3.4285436,-7.445873,5.3827925,2.2379215,0.036084767,0.33075485,4.322634,-8.403593,2.2007985
304,-0.5675475,0.289825,-0.5983601,3.4285436,-7.445873,5.3827925,1.3003832,1.1071765,0.016244804,1.4476577,-5.172684,3.940979
305,-0.5675475,0.289825,-0.5983601,3.4285436,-7.445873,5.3827925,1.3003832,1.1071765,0.016244804,1.4476577,-5.172684,3.940979
306,-0.5675475,0.289825,-0.5983601,3.4285436,-7.445873,5.3827925,1.3003832,1.1071765,0.016244804,1.4476577,-5.172684,3.940979
307,-0.5675475,0.289825,-0.5983601,3.4285436,-7.445873,5.3827925,1.3003832,1.1071765,0.016244804,1.4476577,-5.172684,3.940979
308,-0.44286036,0.17154783,-0.63195735,1.9490521,-5.8827596,7.6003103,1.3003832,1.1071765,0.016244804,1.4476577,-5.172684,3.940979
309,-0.44286036,0.17154783,-0.63195735,1.9490521,-5.8827596,7.6003103,1.3003832,1.1071765,0.016244804,1.4476577,-5.172684,3.940979
310,-0.44286036,0.17154783,-0.63195735,1.9490521,-5.8827596,7.6003103,-0.78334576,-0.9254212,-0.12689589,2.8582265,-7.535597,7.6887374
311,-0.44286036,0.17154783,-0.63195735,1.9490521,-5.8827596,7.6003103,-0.78334576,-0.9254212,-0.12689589,2.8582265,-7.535597,7.6887374
312,-0.44286036,0.17154783,-0.63195735,1.9490521,-5.8827596,7.6003103,-0.78334576,-0.9254212,-0.12689589,2.8582265,-7.535597,7.6887374
313,-0.44286036,0.17154783,-0.63195735,1.9490521,-5.8827596,7.6003103,-0.78334576,-0.9254212,-0.12689589,2.8582265,-7.535597,7.6887374
314,-0.2935681,0.16220288,-0.6918156,3.2954783,-6.8491564,6.1967144,-0.78334576,-0.9254212,-0.12689589,2.8582265,-7.535597,7.6887374
315,-0.2935681,0.16220288,-0.6918156,3.2954783,-6.8491564,6.1967144,-0.78334576,-0.9254212,-0.12689589,2.8582265,-7.535597,7.6887374
316,-0.2935681,0.16220288,-0.6918156,3.2954783,-6.8491564,6.1967144,-1.6987804,-0.80451727,0.089879036,4.557131,-8.7164545,2.652444
317,-0.2935681,0.16220288,-0.6918156,3.2954783,-6.8491564,6.1967144,-1.6987804,-0.80451727,0.089879036,4.557131,-8.7164545,2.652444
318,-0.2935681,0.16220288,-0.6918156,3.2954783,-6.8491564,6.1967144,-1.6987804,-0.80451727,0.089879036,4.557131,-8.7164545,2.652444
319,-0.2935681,0.16220288,-0.6918156,3.2954783,-6.8491564,6.1967144,-1.6987804,-0.80451727,0.089879036,4.557131,-8.7164545,2.652444
320,-0.3997121,0.15583886,-0.66056776,3.9124608,-8.471242,3.0168042,-1.6987804,-0.80451727,0.089879036,4.557131,-8.7164545,2.652444
321,-0.3997121,0.15583886,-0.66056776,3.9124608,-8.471242,3.0168042,-1.6987804,-0.80451727,0.089879036,4.557131,-8.7164545,2.652444
322,-0.3997121,0.15583886,-0.66056776,3.9124608,-8.471242,3.0168042,-1.5163592,0.001065233,-0.6077154,3.9343987,-7.830512,1.7012969
323,-0.3997121,0.15583886,-0.66056776,3.9124608,-8.471242,3.0168042,-1.5163592,0.001065233,-0.6077154,3.9343987,-7.830512,1.7012969
324,-0.3997121,0.15583886,-0.66056776,3.9124608,-8.471242,3.0168042,-1.5163592,0.001065233,-0.6077154,3.9343987,-7.830512,1.7012969
325,-0.3997121,0.15583886,-0.66056776,3.9124608,-8.471242,3.0168042,-1.5163592,0.001065233,-0.6077154,3.9343987,-7.830512,1.7012969
326,-0.54499936,0.22172388,-0.590671,4.994927,-8.424269,0.50277627,-1.5163592,0.001065233,-0.6077154,3.9343987,-7.830512,1.7012969
327,-0.54499936,0.22172388,-0.590671,4.994927,-8.424269,0.50277627,-1.5163592,0.001065233,-0.6077154,3.9343987,-7.830512,1.7012969
328,-0.54499936,0.22172388,-0.590671,4.994927,-8.424269,0.50277627,-0.3077192,-0.2415416,-0.054593194,5.1906304,-8.657232,1.5559329
329,-0.54499936,0.22172388,-0.590671,4.994927,-8.424269,0.50277627,-0.3077192,-0.2415416,-0.054593194,5.1906304,-8.657232,1.5559329
330,-0.54499936,0.22172388,-0.590671,4.994927,-8.424269,0.50277627,-0.3077192,-0.2415416,-0.054593194,5.1906304,-8.657232,1.5559329
331,-0.54499936,0.22172388,-0.590671,4.994927,-8.424269,0.50277627,-0.3077192,-0.2415416,-0.054593194,5.1906304,-8.657232,1.5559329
332,-0.63165873,0.27454102,-0.5877011,5.062228,-8.397726,-0.1497356,-0.3077192,-0.2415416,-0.054593194,5.1906304,-8.657232,1.5559329
333,-0.63165873,0.27454102,-0.5877011,5.062228,-8.397726,-0.1497356,-0.3077192,-0.2415416,-0.054593194,5.1906304,-8.657232,1.5559329
334,-0.63165873,0.27454102,-0.5877011,5.062228,-8.397726,-0.1497356,-0.04860126,0.2717676,0.18215485,6.230312,-11.206785,0.15194423
335,-0.63165873,0.27454102,-0.5877011,5.062228,-8.397726,-0.1497356,-0.04860126,0.2717676,0.18215485,6.230312,-11.206785,0.15194423
336,-0.63165873,0.27454102,-0.5877011,5.062228,-8.397726,-0.1497356,-0.04860126,0.2717676,0.18215485,6.230312,-11.206785,0.15194423
337,-0.63165873,0.27454102,-0.5877011,5.062228,-8.397726,-0.1497356,-0.04860126,0.2717676,0.18215485,6.230312,-11.206785,0.15194423
338,-0.6546714,0.28114015,-0.5699894,4.797849,-8.552816,0.019084744,-0.04860126,0.2717676,0.18215485,6.230312,-11.206785,0.15194423
339,-0.6546714,0.28114015,-0.5699894,4.797849,-8.552816,0.019084744,2.25643,0.20945144,0.6334142,6.230312,-11.206785,0.15194423
340,-0.6546714,0.28114015,-0.5699894,4.797849,-8.552816,0.019084744,2.25643,0.20945144,0.6334142,4.4638104,-10.288539,2.900101
341,-0.6546714,0.28114015,-0.5699894,4.797849,-8.552816,0.019084744,2.25643,0.20945144,0.6334142,4.4638104,-10.288539,2.900101
342,-0.6546714,0.28114015,-0.5699894,4.797849,-8.552816,0.019084744,2.25643,0.20945144,0.6334142,4.4638104,-10.288539,2.900101
343,-0.6546714,0.28114015,-0.5699894,4.797849,-8.552816,0.019084744,2.25643,0.20945144,0.6334142,4.4638104,-10.288539,2.900101
344,-0.6362643,0.30691144,-0.58008885,3.6513765,-8.210082,3.928408,2.25643,0.20945144,0.6334142,4.4638104,-10.288539,2.900101
345,-0.6362643,0.30691144,-0.58008885,3.6513765,-8.210082,3.928408,2.25643,0.20945144,0.6334142,4.4638104,-10.288539,2.900101
346,-0.6362643,0.30691144,-0.58008885,3.6513765,-8.210082,3.928408,1.8949164,1.2198249,0.082422405,2.5950162,-6.055636,2.940779
347,-0.6362643,0.30691144,-0.58008885,3.6513765,-8.210082,3.928408,1.8949164,1.2198249,0.082422405,2.5950162,-6.055636,2.940779
348,-0.6362643,0.30691144,-0.58008885,3.6513765,-8.210082,3.928408,1.8949164,1.2198249,0.082422405,2.5950162,-6.055636,2.940779
349,-0.6362643,0.30691144,-0.58008885,3.6513765,-8.210082,3.928408,1.8949164,1.2198249,0.082422405,2.5950162,-6.055636,2.940779
350,-0.5010171,0.22065538,-0.619403,2.1416216,-6.273207,7.227082,1.8949164,1.2198249,0.082422405,2.5950162,-6.055636,2.940779
351,-0.5010171,0.22065538,-0.619403,2.1416216,-6.273207,7.227082,1.8949164,1.2198249,0.082422405,2.5950162,-6.055636,2.940779
352,-0.5010171,0.22065538,-0.619403,2.1416216,-6.273207,7.227082,-0.24234052,-0.2649767,0.027030287,1.4183456,-5.319843,7.110871
353,-0.5010171,0.22065538,-0.619403,2.1416216,-6.273207,7.227082,-0.24234052,-0.2649767,0.027030287,1.4183456,-5.319843,7.110871
354,-0.5010171,0.22065538,-0.619403,2.1416216,-6.273207,7.227082,-0.24234052,-0.2649767,0.027030287,1.4183456,-5.319843,7.110871
355,-0.5010171,0.22065538,-0.619403,2.1416216,-6.273207,7.227082,-0.24234052,-0.2649767,0.027030287,1.4183456,-5.319843,7.110871
356,-0.31534538,0.17910516,-0.69737035,2.4527025,-6.6020937,6.824001,-0.24234052,-0.2649767,0.027030287,1.4183456,-5.319843,7.110871
357,-0.31534538,0.17910516,-0.69737035,2.4527025,-6.6020937,6.824001,-1.5559059,-1.1017172,-0.15752134,1.4183456,-5.319843,7.110871
358,-0.31534538,0.17910516,-0.69737035,2.4527025,-6.6020937,6.824001,-1.5559059,-1.1017172,-0.15752134,4.470989,-9.282955,4.246662
359,-0.31534538,0.17910516,-0.69737035,2.4527025,-6.6020937,6.824001,-1.5559059,-1.1017172,-0.15752134,4.470989,-9.282955,4.246662
360,-0.31534538,0.17910516,-0.69737035,2.4527025,-6.6020937,6.824001,-1.5559059,-1.1017172,-0.15752134,4.470989,-9.282955,4.246662
361,-0.31534538,0.17910516,-0.69737035,2.4527025,-6.6020937,6.824001,-1.5559059,-1.1017172,-0.15752134,4.470989,-9.282955,4.246662
362,-0.34523726,0.18133949,-0.6852917,3.8369894,-8.136941,3.9036002,-1.5559059,-1.1017172,-0.15752134,4.470989,-9.282955,4.246662
363,-0.34523726,0.18133949,-0.6852917,3.8369894,-8.136941,3.9036002,-1.5943875,-0.016511112,-0.2708355,4.470989,-9.282955,4.246662
364,-0.34523726,0.18133949,-0.6852917,3.8369894,-8.136941,3.9036002,-1.5943875,-0.016511112,-0.2708355,4.644469,-8.055437,1.8101703
365,-0.34523726,0.18133949,-0.6852917,3.8369894,-8.136941,3.9036002,-1.5943875,-0.016511112,-0.2708355,4.644469,-8.055437,1.8101703
366,-0.34523726,0.18133949,-0.6852917,3.8369894,-8.136941,3.9036002,-1.5943875,-0.016511112,-0.2708355,4.644469,-8.055437,1.8101703
367,-0.34523726,0.18133949,-0.6852917,3.8369894,-8.136941,3.9036002,-1.5943875,-0.016511112,-0.2708355,4.644469,-8.055437,1.8101703
368,-0.5059335,0.21213925,-0.62127644,4.3651977,-8.693469,1.2405772,-1.5943875,-0.016511112,-0.2708355,4.644469,-8.055437,1.8101703
369,-0.5059335,0.21213925,-0.62127644,4.3651977,-8.693469,1.2405772,-0.46950147,-0.21198137,-0.30518925,4.644469,-8.055437,1.8101703
370,-0.5059335,0.21213925,-0.62127644,4.3651977,-8.693469,1.2405772,-0.46950147,-0.21198137,-0.30518925,4.642674,-8.505288,1.7336
371,-0.5059335,0.21213925,-0.62127644,4.3651977,-8.693469,1.2405772,-0.46950147,-0.21198137,-0.30518925,4.642674,-8.505288,1.7336
372,-0.5059335,0.21213925,-0.62127644,4.3651977,-8.693469,1.2405772,-0.46950147,-0.21198137,-0.30518925,4.642674,-8.505288,1.7336
373,-0.5059335,0.21213925,-0.62127644,4.3651977,-8.693469,1.2405772,-0.46950147,-0.21198137,-0.30518925,4.642674,-8.505288,1.7336
374,-0.5921778,0.2933831,-0.5995151,4.9013805,-8.4873495,0.33431095,-0.46950147,-0.21198137,-0.30518925,4.642674,-8.505288,1.7336
375,-0.5921778,0.2933831,-0.5995151,4.9013805,-8.4873495,0.33431095,-0.22210109,-0.6595124,0.13941237,4.642674,-8.505288,1.7336
376,-0.5921778,0.2933831,-0.5995151,4.9013805,-8.4873495,0.33431095,-0.22210109,-0.6595124,0.13941237,6.4091754,-10.020543,-0.23988047
377,-0.5921778,0.2933831,-0.5995151,4.9013805,-8.4873495,0.33431095,-0.22210109,-0.6595124,0.13941237,6.4091754,-10.020543,-0.23988047
378,-0.5921778,0.2933831,-0.5995151,4.9013805,-8.4873495,0.33431095,-0.22210109,-0.6595124,0.13941237,6.4091754,-10.020543,-0.23988047
379,-0.5921778,0.2933831,-0.5995151,4.9013805,-8.4873495,0.33431095,-0.22210109,-0.6595124,0.13941237,6.4091754,-10.020543,-0.23988047
380,-0.6292011,0.29506075,-0.58995324,4.676175,-8.59857,-0.60693485,-0.22210109,-0.6595124,0.13941237,6.4091754,-10.020543,-0.23988047
381,-0.6292011,0.29506075,-0.58995324,4.676175,-8.59857,-0.60693485,1.3849361,0.739538,0.47482762,6.4091754,-10.020543,-0.23988047
382,-0.6292011,0.29506075,-0.58995324,4.676175,-8.59857,-0.60693485,1.3849361,0.739538,0.47482762,4.831109,-10.665409,2.5238297
383,-0.6292011,0.29506075,-0.58995324,4.676175,-8.59857,-0.60693485,1.3849361,0.739538,0.47482762,4.831109,-10.665409,2.5238297
384,-0.6292011,0.29506075,-0.58995324,4.676175,-8.59857,-0.60693485,1.3849361,0.739538,0.47482762,4.831109,-10.665409,2.5238297
385,-0.6292011,0.29506075,-0.58995324,4.676175,-8.59857,-0.60693485,1.3849361,0.739538,0.47482762,4.831109,-10.665409,2.5238297
386,-0.668822,0.28917503,-0.5391055,3.712939,-8.769856,2.3396769,1.3849361,0.739538,0.47482762,4.831109,-10.665409,2.5238297
387,-0.668822,0.28917503,-0.5391055,3.712939,-8.769856,2.3396769,1.3849361,0.739538,0.47482762,4.831109,-10.665409,2.5238297
388,-0.668822,0.28917503,-0.5391055,3.712939,-8.769856,2.3396769,1.7933198,0.35245898,0.13967869,3.6167514,-8.107481,2.9952157
389,-0.668822,0.28917503,-0.5391055,3.712939,-8.769856,2.3396769,1.7933198,0.35245898,0.13967869,3.6167514,-8.107481,2.9952157
390,-0.668822,0.28917503,-0.5391055,3.712939,-8.769856,2.3396769,1.7933198,0.35245898,0.13967869,3.6167514,-8.107481,2.9952157
391,-0.668822,0.28917503,-0.5391055,3.712939,-8.769856,2.3396769,1.7933198,0.35245898,0.13967869,3.6167514,-8.107481,2.9952157
392,-0.55047697,0.2787199,-0.60107636,3.286609,-7.5241494,5.3624406,1.7933198,0.35245898,0.13967869,3.6167514,-8.107481,2.9952157
393,-0.55047697,0.2787199,-0.60107636,3.286609,-7.5241494,5.3624406,1.2097052,1.1240871,-0.07243585,3.6167514,-8.107481,2.9952157
394,-0.55047697,0.2787199,-0.60107636,3.286609,-7.5241494,5.3624406,1.2097052,1.1240871,-0.07243585,1.9926231,-5.300102,4.6301117
395,-0.55047697,0.2787199,-0.60107636,3.286609,-7.5241494,5.3624406,1.2097052,1.1240871,-0.07243585,1.9926231,-5.300102,4.6301117
396,-0.55047697,0.2787199,-0.60107636,3.286609,-7.5241494,5.3624406,1.2097052,1.1240871,-0.07243585,1.9926231,-5.300102,4.6301117
397,-0.55047697,0.2787199,-0.60107636,3.286609,-7.5241494,5.3624406,1.2097052,1.1240871,-0.07243585,1.9926231,-5.300102,4.6301117
398,-0.4343486,0.19476376,-0.6509516,1.9395052,-6.018159,7.49603,1.2097052,1.1240871,-0.07243585,1.9926231,-5.300102,4.6301117
399,-0.4343486,0.19476376,-0.6509516,1.9395052,-6.018159,7.49603,-0.51597226,-0.41504142,-0.032755915,1.9926231,-5.300102,4.6301117
400,-0.4343486,0.19476376,-0.6509516,1.9395052,-6.018159,7.49603,-0.51597226,-0.41504142,-0.032755915,2.6344976,-7.368099,7.6833534
401,-0.4343486,0.19476376,-0.6509516,1.9395052,-6.018159,7.49603,-0.51597226,-0.41504142,-0.032755915,2.6344976,-7.368099,7.6833534
402,-0.4343486,0.19476376,-0.6509516,1.9395052,-6.018159,7.49603,-0.51597226,-0.41504142,-0.032755915,2.6344976,-7.368099,7.6833534
403,-0.4343486,0.19476376,-0.6509516,1.9395052,-6.018159,7.49603,-0.51597226,-0.41504142,-0.032755915,2.6344976,-7.368099,7.6833534
404,-0.2915913,0.18106176,-0.7163451,2.5231225,-6.6892323,6.712556,-0.51597226,-0.41504142,-0.032755915,2.6344976,-7.368099,7.6833534
405,-0.2915913,0.18106176,-0.7163451,2.5231225,-6.6892323,6.712556,-1.4914594,-1.2609696,-0.010785485,2.6344976,-7.368099,7.6833534
406,-0.2915913,0.18106176,-0.7163451,2.5231225,-6.6892323,6.712556,-1.4914594,-1.2609696,-0.010785485,4.0767717,-8.260024,3.7423747
407,-0.2915913,0.18106176,-0.7163451,2.5231225,-6.6892323,6.712556,-1.4914594,-1.2609696,-0.010785485,4.0767717,-8.260024,3.7423747
408,-0.2915913,0.18106176,-0.7163451,2.5231225,-6.6892323,6.712556,-1.4914594,-1.2609696,-0.010785485,4.0767717,-8.260024,3.7423747
409,-0.2915913,0.18106176,-0.7163451,2.5231225,-6.6892323,6.712556,-1.4914594,-1.2609696,-0.010785485,4.0767717,-8.260024,3.7423747
410,-0.34807423,0.19130926,-0.6974403,3.8280432,-8.2137785,3.748376,-1.4914594,-1.2609696,-0.010785485,4.0767717,-8.260024,3.7423747
411,-0.34807423,0.19130926,-0.6974403,3.8280432,-8.2137785,3.748376,-1.5840015,0.03555215,-0.298931,4.0767717,-8.260024,3.7423747
412,-0.34807423,0.19130926,-0.6974403,3.8280432,-8.2137785,3.748376,-1.5840015,0.03555215,-0.298931,4.4955153,-7.932207,1.7904296
413,-0.34807423,0.19130926,-0.6974403,3.8280432,-8.2137785,3.748376,-1.5840015,0.03555215,-0.298931,4.4955153,-7.932207,1.7904296
414,-0.34807423,0.19130926,-0.6974403,3.8280432,-8.2137785,3.748376,-1.5840015,0.03555215,-0.298931,4.4955153,-7.932207,1.7904296
415,-0.34807423,0.19130926,-0.6974403,3.8280432,-8.2137785,3.748376,-1.5840015,0.03555215,-0.298931,4.4955153,-7.932207,1.7904296
416,-0.5123572,0.21535118,-0.61571527,4.387117,-8.699806,1.1121858,-1.5840015,0.03555215,-0.298931,4.4955153,-7.932207,1.7904296
417,-0.5123572,0.21535118,-0.61571527,4.387117,-8.699806,1.1121858,-0.46058014,-0.10452599,-0.39227206,4.4955153,-7.932207,1.7904296
418,-0.5123572,0.21535118,-0.61571527,4.387117,-8.699806,1.1121858,-0.46058014,-0.10452599,-0.39227206,4.8765726,-8.508878,1.713261
419,-0.5123572,0.21535118,-0.61571527,4.387117,-8.699806,1.1121858,-0.46058014,-0.10452599,-0.39227206,4.8765726,-8.508878,1.713261
420,-0.5123572,0.21535118,-0.61571527,4.387117,-8.699806,1.1121858,-0.46058014,-0.10452599,-0.39227206,4.8765726,-8.508878,1.713261
421,-0.5123572,0.21535118,-0.61571527,4.387117,-8.699806,1.1121858,-0.46058014,-0.10452599,-0.39227206,4.8765726,-8.508878,1.713261
422,-0.59701955,0.29472354,-0.59615314,5.057604,-8.395454,0.32769328,-0.46058014,-0.10452599,-0.39227206,4.8765726,-8.508878,1.713261
423,-0.59701955,0.29472354,-0.59615314,5.057604,-8.395454,0.32769328,-0.055525273,-0.48774356,0.08428656,4.8765726,-8.508878,1.713261
424,-0.59701955,0.29472354,-0.59615314,5.057604,-8.395454,0.32769328,-0.055525273,-0.48774356,0.08428656,5.447859,-8.5118685,0.6472585
425,-0.59701955,0.29472354,-0.59615314,5.057604,-8.395454,0.32769328,-0.055525273,-0.48774356,0.08428656,5.447859,-8.5118685,0.6472585
426,-0.59701955,0.29472354,-0.59615314,5.057604,-8.395454,0.32769328,-0.055525273,-0.48774356,0.08428656,5.447859,-8.5118685,0.6472585
427,-0.59701955,0.29472354,-0.59615314,5.057604,-8.395454,0.32769328,-0.055525273,-0.48774356,0.08428656,5.447859,-8.5118685,0.6472585
428,-0.62987787,0.2941873,-0.5966383,4.9293184,-8.475674,-0.18752415,-0.055525273,-0.48774356,0.08428656,5.447859,-8.5118685,0.6472585
429,-0.62987787,0.2941873,-0.5966383,4.9293184,-8.475674,-0.18752415,0.067509145,0.1402113,0.19760072,5.447859,-8.5118685,0.6472585
430,-0.62987787,0.2941873,-0.5966383,4.9293184,-8.475674,-0.18752415,0.067509145,0.1402113,0.19760072,6.031708,-10.785648,0.15672988
431,-0.62987787,0.2941873,-0.5966383,4.9293184,-8.475674,-0.18752415,0.067509145,0.1402113,0.19760072,6.031708,-10.785648,0.15672988
432,-0.62987787,0.2941873,-0.5966383,4.9293184,-8.475674,-0.18752415,0.067509145,0.1402113,0.19760072,6.031708,-10.785648,0.15672988
433,-0.62987787,0.2941873,-0.5966383,4.9293184,-8.475674,-0.18752415,0.067509145,0.1402113,0.19760072,6.031708,-10.785648,0.15672988
434,-0.65548736,0.2826613,-0.5630131,4.6286907,-8.645548,0.010539407,0.067509145,0.1402113,0.19760072,6.031708,-10.785648,0.15672988
435,-0.65548736,0.2826613,-0.5630131,4.6286907,-8.645548,0.010539407,1.8279399,0.15632294,0.40678588,6.031708,-10.785648,0.15672988
436,-0.65548736,0.2826613,-0.5630131,4.6286907,-8.645548,0.010539407,1.8279399,0.15632294,0.40678588,4.668397,-9.912866,2.4065814
437,-0.65548736,0.2826613,-0.5630131,4.6286907,-8.645548,0.010539407,1.8279399,0.15632294,0.40678588,4.668397,-9.912866,2.4065814
438,-0.65548736,0.2826613,-0.5630131,4.6286907,-8.645548,0.010539407,1.8279399,0.15632294,0.40678588,4.668397,-9.912866,2.4065814
439,-0.65548736,0.2826613,-0.5630131,4.6286907,-8.645548,0.010539407,1.8279399,0.15632294,0.40678588,4.668397,-9.912866,2.4065814
440,-0.6412473,0.29709357,-0.56519085,3.9090278,-8.39791,3.2194693,1.8279399,0.15632294,0.40678588,4.668397,-9.912866,2.4065814
441,-0.6412473,0.29709357,-0.56519085,3.9090278,-8.39791,3.2194693,1.8431194,0.8836108,0.042476166,4.668397,-9.912866,2.4065814
442,-0.6412473,0.29709357,-0.56519085,3.9090278,-8.39791,3.2194693,1.8431194,0.8836108,0.042476166,3.24048,-7.242476,3.615555
443,-0.6412473,0.29709357,-0.56519085,3.9090278,-8.39791,3.2194693,1.8431194,0.8836108,0.042476166,3.24048,-7.242476,3.615555
444,-0.6412473,0.29709357,-0.56519085,3.9090278,-8.39791,3.2194693,1.8431194,0.8836108,0.042476166,3.24048,-7.242476,3.615555
445,-0.6412473,0.29709357,-0.56519085,3.9090278,-8.39791,3.2194693,1.8431194,0.8836108,0.042476166,3.24048,-7.242476,3.615555
446,-0.53544754,0.22169499,-0.6003865,2.978103,-6.73685,6.474269,1.8431194,0.8836108,0.042476166,3.24048,-7.242476,3.615555
447,-0.53544754,0.22169499,-0.6003865,2.978103,-6.73685,6.474269,0.6206314,0.7030538,0.005193011,3.24048,-7.242476,3.615555
448,-0.53544754,0.22169499,-0.6003865,2.978103,-6.73685,6.474269,0.6206314,0.7030538,0.005193011,1.8215362,-4.6989055,5.5202417
449,-0.53544754,0.22169499,-0.6003865,2.978103,-6.73685,6.474269,0.6206314,0.7030538,0.005193011,1.8215362,-4.6989055,5.5202417
450,-0.53544754,0.22169499,-0.6003865,2.978103,-6.73685,6.474269,0.6206314,0.7030538,0.005193011,1.8215362,-4.6989055,5.5202417
451,-0.53544754,0.22169499,-0.6003865,2.978103,-6.73685,6.474269,0.6206314,0.7030538,0.005193011,1.8215362,-4.6989055,5.5202417
452,-0.37863058,0.1629204,-0.66774195,1.9916735,-5.9205437,7.559814,0.6206314,0.7030538,0.005193011,1.8215362,-4.6989055,5.5202417
453,-0.37863058,0.1629204,-0.66774195,1.9916735,-5.9205437,7.559814,-0.57935363,-0.5162386,-0.12769482,1.8215362,-4.6989055,5.5202417
454,-0.37863058,0.1629204,-0.66774195,1.9916735,-5.9205437,7.559814,-0.57935363,-0.5162386,-0.12769482,2.1720848,-6.896115,8.280363
455,-0.37863058,0.1629204,-0.66774195,1.9916735,-5.9205437,7.559814,-0.57935363,-0.5162386,-0.12769482,2.1720848,-6.896115,8.280363
456,-0.37863058,0.1629204,-0.66774195,1.9916735,-5.9205437,7.559814,-0.57935363,-0.5162386,-0.12769482,2.1720848,-6.896115,8.280363
457,-0.37863058,0.1629204,-0.66774195,1.9916735,-5.9205437,7.559814,-0.57935363,-0.5162386,-0.12769482,2.1720848,-6.896115,8.280363
458,-0.29486692,0.16616338,-0.6992304,2.8425267,-6.635763,6.6375504,-0.57935363,-0.5162386,-0.12769482,2.1720848,-6.896115,8.280363
459,-0.29486692,0.16616338,-0.6992304,2.8425267,-6.635763,6.6375504,-1.4306079,-0.9923977,-0.028361829,2.1720848,-6.896115,8.280363
460,-0.29486692,0.16616338,-0.6992304,2.8425267,-6.635763,6.6375504,-1.4306079,-0.9923977,-0.028361829,4.5266223,-8.574081,4.112066
461,-0.29486692,0.16616338,-0.6992304,2.8425267,-6.635763,6.6375504,-1.4306079,-0.9923977,-0.028361829,4.5266223,-8.574081,4.112066
462,-0.29486692,0.16616338,-0.6992304,2.8425267,-6.635763,6.6375504,-1.4306079,-0.9923977,-0.028361829,4.5266223,-8.574081,4.112066
463,-0.29486692,0.16616338,-0.6992304,2.8425267,-6.635763,6.6375504,-1.4306079,-0.9923977,-0.028361829,4.5266223,-8.574081,4.112066
464,-0.36469677,0.16904253,-0.6810724,3.9020808,-8.1085615,3.8981264,-1.4306079,-0.9923977,-0.028361829,4.5266223,-8.574081,4.112066
465,-0.36469677,0.16904253,-0.6810724,3.9020808,-8.1085615,3.8981264,-1.1666964,-0.30758604,-0.037815772,4.5266223,-8.574081,4.112066
466,-0.36469677,0.16904253,-0.6810724,3.9020808,-8.1085615,3.8981264,-1.1666964,-0.30758604,-0.037815772,4.730012,-8.240283,2.248655
467,-0.36469677,0.16904253,-0.6810724,3.9020808,-8.1085615,3.8981264,-1.1666964,-0.30758604,-0.037815772,4.730012,-8.240283,2.248655
468,-0.36469677,0.16904253,-0.6810724,3.9020808,-8.1085615,3.8981264,-1.1666964,-0.30758604,-0.037815772,4.730012,-8.240283,2.248655
469,-0.36469677,0.16904253,-0.6810724,3.9020808,-8.1085615,3.8981264,-1.1666964,-0.30758604,-0.037815772,4.730012,-8.240283,2.248655
470,-0.51056623,0.20142734,-0.6136146,4.18082,-8.697744,1.7436705,-1.1666964,-0.30758604,-0.037815772,4.730012,-8.240283,2.248655
471,-0.51056623,0.20142734,-0.6136146,4.18082,-8.697744,1.7436705,-0.46484107,-0.21983747,-0.22076954,4.730012,-8.240283,2.248655
472,-0.51056623,0.20142734,-0.6136146,4.18082,-8.697744,1.7436705,-0.46484107,-0.21983747,-0.22076954,4.366303,-8.427522,1.5188441
473,-0.51056623,0.20142734,-0.6136146,4.18082,-8.697744,1.7436705,-0.46484107,-0.21983747,-0.22076954,4.366303,-8.427522,1.5188441
474,-0.51056623,0.20142734,-0.6136146,4.18082,-8.697744,1.7436705,-0.46484107,-0.21983747,-0.22076954,4.366303,-8.427522,1.5188441
475,-0.51056623,0.20142734,-0.6136146,4.18082,-8.697744,1.7436705,-0.46484107,-0.21983747,-0.22076954,4.366303,-8.427522,1.5188441
476,-0.5907266,0.24927819,-0.57520664,4.6090026,-8.619006,0.8001339,-0.46484107,-0.21983747,-0.22076954,4.366303,-8.427522,1.5188441
477,-0.5907266,0.24927819,-0.57520664,4.6090026,-8.619006,0.8001339,-0.088148035,-0.45272404,0.034087457,4.366303,-8.427522,1.5188441
478,-0.5907266,0.24927819,-0.57520664,4.6090026,-8.619006,0.8001339,-0.088148035,-0.45272404,0.034087457,5.10748,-8.502297,0.9194421
479,-0.5907266,0.24927819,-0.57520664,4.6090026,-8.619006,0.8001339,-0.088148035,-0.45272404,0.034087457,5.10748,-8.502297,0.9194421
480,-0.5907266,0.24927819,-0.57520664,4.6090026,-8.619006,0.8001339,-0.088148035,-0.45272404,0.034087457,5.10748,-8.502297,0.9194421
481,-0.5907266,0.24927819,-0.57520664,4.6090026,-8.619006,0.8001339,-0.088148035,-0.45272404,0.034087457,5.10748,-8.502297,0.9194421
482,-0.6295365,0.25077534,-0.5621452,4.619065,-8.646631,0.26533908,-0.088148035,-0.45272404,0.034087457,5.10748,-8.502297,0.9194421
483,-0.6295365,0.25077534,-0.5621452,4.619065,-8.646631,0.26533908,0.06591129,-0.3065208,0.036617383,5.10748,-8.502297,0.9194421
484,-0.6295365,0.25077534,-0.5621452,4.619065,-8.646631,0.26533908,0.06591129,-0.3065208,0.036617383,5.6889358,-8.575278,-0.09571291
485,-0.6295365,0.25077534,-0.5621452,4.619065,-8.646631,0.26533908,0.06591129,-0.3065208,0.036617383,5.6889358,-8.575278,-0.09571291
486,-0.6295365,0.25077534,-0.5621452,4.619065,-8.646631,0.26533908,0.06591129,-0.3065208,0.036617383,5.6889358,-8.575278,-0.09571291
487,-0.6295365,0.25077534,-0.5621452,4.619065,-8.646631,0.26533908,0.06591129,-0.3065208,0.036617383,5.6889358,-8.575278,-0.09571291
488,-0.6571544,0.23370837,-0.5299302,4.611968,-8.65373,0.1143499,0.06591129,-0.3065208,0.036617383,5.6889358,-8.575278,-0.09571291
489,-0.6571544,0.23370837,-0.5299302,4.611968,-8.65373,0.1143499,0.21211453,-0.23941112,0.048867565,5.6889358,-8.575278,-0.09571291
490,-0.6571544,0.23370837,-0.5299302,4.611968,-8.65373,0.1143499,0.21211453,-0.23941112,0.048867565,4.5804605,-9.162118,0.58983076
491,-0.6571544,0.23370837,-0.5299302,4.611968,-8.65373,0.1143499,0.21211453,-0.23941112,0.048867565,4.5804605,-9.162118,0.58983076
492,-0.6571544,0.23370837,-0.5299302,4.611968,-8.65373,0.1143499,0.21211453,-0.23941112,0.048867565,4.5804605,-9.162118,0.58983076
493,-0.6571544,0.23370837,-0.5299302,4.611968,-8.65373,0.1143499,0.21211453,-0.23941112,0.048867565,4.5804605,-9.162118,0.58983076
494,-0.6693289,0.21486863,-0.510337,4.5240765,-8.696764,0.26346368,0.21211453,-0.23941112,0.048867565,4.5804605,-9.162118,0.58983076
495,-0.6693289,0.21486863,-0.510337,4.5240765,-8.696764,0.26346368,0.48468104,0.20572312,0.12170287,4.5804605,-9.162118,0.58983076
496,-0.6693289,0.21486863,-0.510337,4.5240765,-8.696764,0.26346368,0.48468104,0.20572312,0.12170287,4.429713,-9.096913,1.3429717
497,-0.6693289,0.21486863,-0.510337,4.5240765,-8.696764,0.26346368,0.48468104,0.20572312,0.12170287,4.429713,-9.096913,1.3429717
