,Gravity X,Gravity Y,Gravity Z,User Acceleration X,User Acceleration Y,User Acceleration Z
0,2.1803849,1.0664535,9.501526,-0.30442137,1.0703872,0.9682494
1,2.1803849,1.0664535,9.501526,-0.30442137,1.0703872,0.9682494
2,2.1803849,1.0664535,9.501526,-0.30442137,1.0703872,0.9682494
3,2.229361,0.9576973,9.501745,-0.2672133,0.99779856,0.9531402
4,2.229361,0.9576973,9.501745,-0.2672133,0.99779856,0.9531402
5,2.229361,0.9576973,9.501745,-0.2672133,0.99779856,0.9531402
6,2.3243754,0.7792234,9.495287,-0.17991772,1.0147498,0.8875627
7,2.3243754,0.7792234,9.495287,-0.17991772,1.0147498,0.8875627
8,2.3243754,0.7792234,9.495287,-0.17991772,1.0147498,0.8875627
9,2.3243754,0.7792234,9.495287,-0.17991772,1.0147498,0.8875627
10,2.4430475,0.53479093,9.4824,-0.6627684,1.6409773,0.98924106
11,2.4430475,0.53479093,9.4824,-0.6627684,1.6409773,0.98924106
12,2.4430475,0.53479093,9.4824,-0.6627684,1.6409773,0.98924106
13,2.4430475,0.53479093,9.4824,-0.6627684,1.6409773,0.98924106
14,2.5769522,0.23313826,9.459142,-0.1522184,0.9995971,1.1337925
15,2.5769522,0.23313826,9.459142,-0.1522184,0.9995971,1.1337925
16,2.5769522,0.23313826,9.459142,-0.1522184,0.9995971,1.1337925
17,2.5769522,0.23313826,9.459142,-0.1522184,0.9995971,1.1337925
18,2.5769522,0.23313826,9.459142,-0.1522184,0.9995971,1.1337925
19,2.7137132,-0.11574376,9.422991,0.05306332,0.68336755,0.576586
20,2.7137132,-0.11574376,9.422991,0.05306332,0.68336755,0.576586
21,2.7137132,-0.11574376,9.422991,0.05306332,0.68336755,0.576586
22,2.7137132,-0.11574376,9.422991,0.05306332,0.68336755,0.576586
23,2.7137132,-0.11574376,9.422991,0.05306332,0.68336755,0.576586
24,2.7985263,-0.4780524,9.386699,0.19252351,0.36040005,0.4069277
25,2.7985263,-0.4780524,9.386699,0.19252351,0.36040005,0.4069277
26,2.7985263,-0.4780524,9.386699,0.19252351,0.36040005,0.4069277
27,2.7985263,-0.4780524,9.386699,0.19252351,0.36040005,0.4069277
28,2.7985263,-0.4780524,9.386699,0.19252351,0.36040005,0.4069277
29,2.8856773,-0.8488828,9.333952,0.051068235,0.4294958,0.6207141
30,2.8856773,-0.8488828,9.333952,0.051068235,0.4294958,0.6207141
31,2.8856773,-0.8488828,9.333952,0.051068235,0.4294958,0.6207141
32,2.8856773,-0.8488828,9.333952,0.051068235,0.4294958,0.6207141
33,2.8856773,-0.8488828,9.333952,0.051068235,0.4294958,0.6207141
34,2.9461079,-1.2070245,9.275447,-0.040394496,0.68683267,0.7646013
35,2.9461079,-1.2070245,9.275447,-0.040394496,0.68683267,0.7646013
36,2.9461079,-1.2070245,9.275447,-0.040394496,0.68683267,0.7646013
37,2.9461079,-1.2070245,9.275447,-0.040394496,0.68683267,0.7646013
38,2.9461079,-1.2070245,9.275447,-0.040394496,0.68683267,0.7646013
39,3.014416,-1.5848022,9.196308,-0.16034105,0.7474104,0.64768475
40,3.014416,-1.5848022,9.196308,-0.16034105,0.7474104,0.64768475
41,3.014416,-1.5848022,9.196308,-0.16034105,0.7474104,0.64768475
42,3.014416,-1.5848022,9.196308,-0.16034105,0.7474104,0.64768475
43,3.014416,-1.5848022,9.196308,-0.16034105,0.7474104,0.64768475
44,3.0818748,-1.9921801,9.094155,-0.2876959,0.9992403,0.9535696
45,3.0818748,-1.9921801,9.094155,-0.2876959,0.9992403,0.9535696
46,3.0818748,-1.9921801,9.094155,-0.2876959,0.9992403,0.9535696
47,3.0818748,-1.9921801,9.094155,-0.2876959,0.9992403,0.9535696
48,3.157808,-2.4211984,8.963059,-0.21747693,0.87155175,0.56679875
49,3.157808,-2.4211984,8.963059,-0.21747693,0.87155175,0.56679875
50,3.157808,-2.4211984,8.963059,-0.21747693,0.87155175,0.56679875
51,3.157808,-2.4211984,8.963059,-0.21747693,0.87155175,0.56679875
52,3.157808,-2.4211984,8.963059,-0.21747693,0.87155175,0.56679875
53,3.2662234,-2.836906,8.800803,-0.014596539,0.3459429,0.68937135
54,3.2662234,-2.836906,8.800803,-0.014596539,0.3459429,0.68937135
55,3.2662234,-2.836906,8.800803,-0.014596539,0.3459429,0.68937135
56,3.2662234,-2.836906,8.800803,-0.014596539,0.3459429,0.68937135
57,3.2662234,-2.836906,8.800803,-0.014596539,0.3459429,0.68937135
58,3.3336442,-3.245789,8.632616,0.09819688,0.18174607,0.37106052
59,3.3336442,-3.245789,8.632616,0.09819688,0.18174607,0.37106052
60,3.3336442,-3.245789,8.632616,0.09819688,0.18174607,0.37106052
61,3.3336442,-3.245789,8.632616,0.09819688,0.18174607,0.37106052
62,3.3336442,-3.245789,8.632616,0.09819688,0.18174607,0.37106052
63,3.398017,-3.6504354,8.443826,-0.060711868,0.42994937,0.65981585
64,3.398017,-3.6504354,8.443826,-0.060711868,0.42994937,0.65981585
65,3.398017,-3.6504354,8.443826,-0.060711868,0.42994937,0.65981585
66,3.398017,-3.6504354,8.443826,-0.060711868,0.42994937,0.65981585
67,3.398017,-3.6504354,8.443826,-0.060711868,0.42994937,0.65981585
68,3.4504747,-4.030912,8.247203,-0.0099698575,0.44534552,0.606581
69,3.4504747,-4.030912,8.247203,-0.0099698575,0.44534552,0.606581
70,3.4504747,-4.030912,8.247203,-0.0099698575,0.44534552,0.606581
71,3.4504747,-4.030912,8.247203,-0.0099698575,0.44534552,0.606581
72,3.4504747,-4.030912,8.247203,-0.0099698575,0.44534552,0.606581
73,3.5185678,-4.4289975,8.010871,-0.18851207,0.47700682,0.5732159
74,3.5185678,-4.4289975,8.010871,-0.18851207,0.47700682,0.5732159
75,3.5185678,-4.4289975,8.010871,-0.18851207,0.47700682,0.5732159
76,3.5185678,-4.4289975,8.010871,-0.18851207,0.47700682,0.5732159
77,3.5185678,-4.4289975,8.010871,-0.18851207,0.47700682,0.5732159
78,3.609838,-4.8351874,7.7304864,-0.39641908,0.9510497,0.9692937
79,3.609838,-4.8351874,7.7304864,-0.39641908,0.9510497,0.9692937
80,3.609838,-4.8351874,7.7304864,-0.39641908,0.9510497,0.9692937
81,3.609838,-4.8351874,7.7304864,-0.39641908,0.9510497,0.9692937
82,3.609838,-4.8351874,7.7304864,-0.39641908,0.9510497,0.9692937
83,3.694329,-5.2265,7.430075,-0.40781903,0.50651383,0.3919829
84,3.694329,-5.2265,7.430075,-0.40781903,0.50651383,0.3919829
85,3.694329,-5.2265,7.430075,-0.40781903,0.50651383,0.3919829
86,3.694329,-5.2265,7.430075,-0.40781903,0.50651383,0.3919829
87,3.694329,-5.2265,7.430075,-0.40781903,0.50651383,0.3919829
88,3.7923582,-5.580832,7.11637,0.23721029,-0.1578085,0.48545015
89,3.7923582,-5.580832,7.11637,0.23721029,-0.1578085,0.48545015
90,3.7923582,-5.580832,7.11637,0.23721029,-0.1578085,0.48545015
91,3.7923582,-5.580832,7.11637,0.23721029,-0.1578085,0.48545015
92,3.7923582,-5.580832,7.11637,0.23721029,-0.1578085,0.48545015
93,3.7923582,-5.580832,7.11637,0.23721029,-0.1578085,0.48545015
94,3.891639,-5.922088,6.7789674,-0.34670427,0.90029246,0.44861588
95,3.891639,-5.922088,6.7789674,-0.34670427,0.90029246,0.44861588
96,3.891639,-5.922088,6.7789674,-0.34670427,0.90029246,0.44861588
97,3.891639,-5.922088,6.7789674,-0.34670427,0.90029246,0.44861588
98,3.891639,-5.922088,6.7789674,-0.34670427,0.90029246,0.44861588
99,3.891639,-5.922088,6.7789674,-0.34670427,0.90029246,0.44861588
100,3.9748714,-6.2382736,6.4385343,-0.28647968,0.2501091,0.5749908
101,3.9748714,-6.2382736,6.4385343,-0.28647968,0.2501091,0.5749908
102,3.9748714,-6.2382736,6.4385343,-0.28647968,0.2501091,0.5749908
103,3.9748714,-6.2382736,6.4385343,-0.28647968,0.2501091,0.5749908
104,3.9748714,-6.2382736,6.4385343,-0.28647968,0.2501091,0.5749908
105,3.9748714,-6.2382736,6.4385343,-0.28647968,0.2501091,0.5749908
106,4.042255,-6.533429,6.094659,-0.037018117,0.25370175,0.4203493
107,4.042255,-6.533429,6.094659,-0.037018117,0.25370175,0.4203493
108,4.042255,-6.533429,6.094659,-0.037018117,0.25370175,0.4203493
109,4.042255,-6.533429,6.094659,-0.037018117,0.25370175,0.4203493
110,4.042255,-6.533429,6.094659,-0.037018117,0.25370175,0.4203493
111,4.042255,-6.533429,6.094659,-0.037018117,0.25370175,0.4203493
112,4.088746,-6.80804,5.7535324,-0.2646213,0.6220575,0.6633129
113,4.088746,-6.80804,5.7535324,-0.2646213,0.6220575,0.6633129
114,4.088746,-6.80804,5.7535324,-0.2646213,0.6220575,0.6633129
115,4.088746,-6.80804,5.7535324,-0.2646213,0.6220575,0.6633129
116,4.088746,-6.80804,5.7535324,-0.2646213,0.6220575,0.6633129
117,4.088746,-6.80804,5.7535324,-0.2646213,0.6220575,0.6633129
118,4.126123,-7.0607877,5.412094,-0.1875941,0.28682882,0.31025738
119,4.126123,-7.0607877,5.412094,-0.1875941,0.28682882,0.31025738
120,4.126123,-7.0607877,5.412094,-0.1875941,0.28682882,0.31025738
121,4.126123,-7.0607877,5.412094,-0.1875941,0.28682882,0.31025738
122,4.126123,-7.0607877,5.412094,-0.1875941,0.28682882,0.31025738
123,4.126123,-7.0607877,5.412094,-0.1875941,0.28682882,0.31025738
124,4.1455092,-7.298223,5.0715947,0.2634471,-0.27869317,0.23405826
125,4.1455092,-7.298223,5.0715947,0.2634471,-0.27869317,0.23405826
126,4.1455092,-7.298223,5.0715947,0.2634471,-0.27869317,0.23405826
127,4.1455092,-7.298223,5.0715947,0.2634471,-0.27869317,0.23405826
128,4.1455092,-7.298223,5.0715947,0.2634471,-0.27869317,0.23405826
129,4.1455092,-7.298223,5.0715947,0.2634471,-0.27869317,0.23405826
130,4.159315,-7.509491,4.741101,-0.56103474,0.8424461,-0.5210639
131,4.159315,-7.509491,4.741101,-0.56103474,0.8424461,-0.5210639
132,4.159315,-7.509491,4.741101,-0.56103474,0.8424461,-0.5210639
133,4.159315,-7.509491,4.741101,-0.56103474,0.8424461,-0.5210639
134,4.159315,-7.509491,4.741101,-0.56103474,0.8424461,-0.5210639
135,4.159315,-7.509491,4.741101,-0.56103474,0.8424461,-0.5210639
136,4.1638646,-7.7011867,4.418637,-0.30431104,0.068280794,0.356398
137,4.1638646,-7.7011867,4.418637,-0.30431104,0.068280794,0.356398
138,4.1638646,-7.7011867,4.418637,-0.30431104,0.068280794,0.356398
139,4.1638646,-7.7011867,4.418637,-0.30431104,0.068280794,0.356398
140,4.1638646,-7.7011867,4.418637,-0.30431104,0.068280794,0.356398
141,4.1638646,-7.7011867,4.418637,-0.30431104,0.068280794,0.356398
142,4.1413426,-8.0146675,3.8450952,-0.049370676,0.27940634,0.25107405
143,4.1413426,-8.0146675,3.8450952,-0.049370676,0.27940634,0.25107405
144,4.1413426,-8.0146675,3.8450952,-0.049370676,0.27940634,0.25107405
145,4.1413426,-8.0146675,3.8450952,-0.049370676,0.27940634,0.25107405
146,4.1413426,-8.0146675,3.8450952,-0.049370676,0.27940634,0.25107405
147,4.121914,-8.120371,3.6386533,0.116071954,-0.19507714,0.12459737
148,4.121914,-8.120371,3.6386533,0.116071954,-0.19507714,0.12459737
149,4.121914,-8.120371,3.6386533,0.116071954,-0.19507714,0.12459737
150,4.121914,-8.120371,3.6386533,0.116071954,-0.19507714,0.12459737
151,4.121914,-8.120371,3.6386533,0.116071954,-0.19507714,0.12459737
152,4.121914,-8.120371,3.6386533,0.116071954,-0.19507714,0.12459737
153,4.103197,-8.194771,3.4899693,0.19421475,-0.4535519,-0.42113912
154,4.103197,-8.194771,3.4899693,0.19421475,-0.4535519,-0.42113912
155,4.103197,-8.194771,3.4899693,0.19421475,-0.4535519,-0.42113912
156,4.103197,-8.194771,3.4899693,0.19421475,-0.4535519,-0.42113912
157,4.103197,-8.194771,3.4899693,0.19421475,-0.4535519,-0.42113912
158,4.0479593,-8.244206,3.4376557,0.29645723,0.06369095,0.0011162169
159,4.0479593,-8.244206,3.4376557,0.29645723,0.06369095,0.0011162169
160,4.0479593,-8.244206,3.4376557,0.29645723,0.06369095,0.0011162169
161,4.0479593,-8.244206,3.4376557,0.29645723,0.06369095,0.0011162169
162,4.0479593,-8.244206,3.4376557,0.29645723,0.06369095,0.0011162169
163,4.0479593,-8.244206,3.4376557,0.29645723,0.06369095,0.0011162169
164,3.9957097,-8.273742,3.4278107,0.10174275,-0.11845767,0.15240426
165,3.9957097,-8.273742,3.4278107,0.10174275,-0.11845767,0.15240426
166,3.9957097,-8.273742,3.4278107,0.10174275,-0.11845767,0.15240426
167,3.9957097,-8.273742,3.4278107,0.10174275,-0.11845767,0.15240426
168,3.9957097,-8.273742,3.4278107,0.10174275,-0.11845767,0.15240426
169,3.953781,-8.285238,3.4485972,-0.09338394,0.2581707,0.3102316
170,3.953781,-8.285238,3.4485972,-0.09338394,0.2581707,0.3102316
171,3.953781,-8.285238,3.4485972,-0.09338394,0.2581707,0.3102316
172,3.9047801,-8.292856,3.485917,0.48442936,0.36526746,0.19200733
173,3.9047801,-8.292856,3.485917,0.48442936,0.36526746,0.19200733
174,3.9047801,-8.292856,3.485917,0.48442936,0.36526746,0.19200733
175,3.9047801,-8.292856,3.485917,0.48442936,0.36526746,0.19200733
176,3.9047801,-8.292856,3.485917,0.48442936,0.36526746,0.19200733
177,3.9047801,-8.292856,3.485917,0.48442936,0.36526746,0.19200733
178,3.8974507,-8.318135,3.433496,-0.05324334,-0.18497354,0.58886975
179,3.8974507,-8.318135,3.433496,-0.05324334,-0.18497354,0.58886975
180,3.8974507,-8.318135,3.433496,-0.05324334,-0.18497354,0.58886975
181,3.8974507,-8.318135,3.433496,-0.05324334,-0.18497354,0.58886975
182,3.8974507,-8.318135,3.433496,-0.05324334,-0.18497354,0.58886975
183,3.8974507,-8.318135,3.433496,-0.05324334,-0.18497354,0.58886975
184,3.8814917,-8.364301,3.3380952,0.15111402,-0.09742589,0.18865357
185,3.8814917,-8.364301,3.3380952,0.15111402,-0.09742589,0.18865357
186,3.8814917,-8.364301,3.3380952,0.15111402,-0.09742589,0.18865357
187,3.8814917,-8.364301,3.3380952,0.15111402,-0.09742589,0.18865357
188,3.8814917,-8.364301,3.3380952,0.15111402,-0.09742589,0.18865357
189,3.8814917,-8.364301,3.3380952,0.15111402,-0.09742589,0.18865357
190,3.870748,-8.408589,3.2377954,0.029942771,0.3500532,-0.43854696
191,3.870748,-8.408589,3.2377954,0.029942771,0.3500532,-0.43854696
192,3.870748,-8.408589,3.2377954,0.029942771,0.3500532,-0.43854696
193,3.870748,-8.408589,3.2377954,0.029942771,0.3500532,-0.43854696
194,3.870748,-8.408589,3.2377954,0.029942771,0.3500532,-0.43854696
195,3.870748,-8.408589,3.2377954,0.029942771,0.3500532,-0.43854696
196,3.8568187,-8.453534,3.135777,0.071965,-0.107986405,0.62441665
197,3.8568187,-8.453534,3.135777,0.071965,-0.107986405,0.62441665
198,3.8568187,-8.453534,3.135777,0.071965,-0.107986405,0.62441665
199,3.8568187,-8.453534,3.135777,0.071965,-0.107986405,0.62441665
200,3.8568187,-8.453534,3.135777,0.071965,-0.107986405,0.62441665
201,3.8568187,-8.453534,3.135777,0.071965,-0.107986405,0.62441665
202,3.8501248,-8.491786,3.039162,-0.11468881,0.015024016,0.2660545
203,3.8501248,-8.491786,3.039162,-0.11468881,0.015024016,0.2660545
204,3.8501248,-8.491786,3.039162,-0.11468881,0.015024016,0.2660545
205,3.8501248,-8.491786,3.039162,-0.11468881,0.015024016,0.2660545
206,3.8501248,-8.491786,3.039162,-0.11468881,0.015024016,0.2660545
207,3.8501248,-8.491786,3.039162,-0.11468881,0.015024016,0.2660545
208,3.8745303,-8.511184,2.9526489,-0.24106315,0.28639063,0.0141547965
209,3.8745303,-8.511184,2.9526489,-0.24106315,0.28639063,0.0141547965
210,3.8745303,-8.511184,2.9526489,-0.24106315,0.28639063,0.0141547965
211,3.8745303,-8.511184,2.9526489,-0.24106315,0.28639063,0.0141547965
212,3.8745303,-8.511184,2.9526489,-0.24106315,0.28639063,0.0141547965
213,3.8745303,-8.511184,2.9526489,-0.24106315,0.28639063,0.0141547965
214,3.8776186,-8.524047,2.911201,-0.45014933,0.5496372,0.3472166
215,3.8776186,-8.524047,2.911201,-0.45014933,0.5496372,0.3472166
216,3.8776186,-8.524047,2.911201,-0.45014933,0.5496372,0.3472166
217,3.8776186,-8.524047,2.911201,-0.45014933,0.5496372,0.3472166
218,3.8776186,-8.524047,2.911201,-0.45014933,0.5496372,0.3472166
219,3.8776186,-8.524047,2.911201,-0.45014933,0.5496372,0.3472166
220,3.89719,-8.539211,2.839748,0.23911047,0.113669805,-0.13353783
221,3.89719,-8.539211,2.839748,0.23911047,0.113669805,-0.13353783
222,3.89719,-8.539211,2.839748,0.23911047,0.113669805,-0.13353783
223,3.89719,-8.539211,2.839748,0.23911047,0.113669805,-0.13353783
224,3.89719,-8.539211,2.839748,0.23911047,0.113669805,-0.13353783
225,3.89719,-8.539211,2.839748,0.23911047,0.113669805,-0.13353783
226,3.918254,-8.563141,2.7368362,0.34376162,-0.348573,0.18788931
227,3.918254,-8.563141,2.7368362,0.34376162,-0.348573,0.18788931
228,3.918254,-8.563141,2.7368362,0.34376162,-0.348573,0.18788931
229,3.918254,-8.563141,2.7368362,0.34376162,-0.348573,0.18788931
230,3.918254,-8.563141,2.7368362,0.34376162,-0.348573,0.18788931
231,3.918254,-8.563141,2.7368362,0.34376162,-0.348573,0.18788931
232,3.9482114,-8.580928,2.6362271,-0.043675926,0.058165383,0.046330854
233,3.9482114,-8.580928,2.6362271,-0.043675926,0.058165383,0.046330854
234,3.9482114,-8.580928,2.6362271,-0.043675926,0.058165383,0.046330854
235,3.9482114,-8.580928,2.6362271,-0.043675926,0.058165383,0.046330854
236,3.9482114,-8.580928,2.6362271,-0.043675926,0.058165383,0.046330854
237,3.9482114,-8.580928,2.6362271,-0.043675926,0.058165383,0.046330854
238,3.965214,-8.593088,2.5702736,-0.08684923,0.028615186,-0.08925439
239,3.965214,-8.593088,2.5702736,-0.08684923,0.028615186,-0.08925439
240,3.965214,-8.593088,2.5702736,-0.08684923,0.028615186,-0.08925439
241,3.965214,-8.593088,2.5702736,-0.08684923,0.028615186,-0.08925439
242,3.965214,-8.593088,2.5702736,-0.08684923,0.028615186,-0.08925439
243,3.965214,-8.593088,2.5702736,-0.08684923,0.028615186,-0.08925439
244,3.95871,-8.612251,2.5155783,-0.27006692,0.40592644,0.09358222
245,3.95871,-8.612251,2.5155783,-0.27006692,0.40592644,0.09358222
246,3.95871,-8.612251,2.5155783,-0.27006692,0.40592644,0.09358222
247,3.95871,-8.612251,2.5155783,-0.27006692,0.40592644,0.09358222
248,3.95871,-8.612251,2.5155783,-0.27006692,0.40592644,0.09358222
249,3.95871,-8.612251,2.5155783,-0.27006692,0.40592644,0.09358222
250,3.946656,-8.631659,2.467544,-0.13364752,0.04274366,0.5709425
251,3.946656,-8.631659,2.467544,-0.13364752,0.04274366,0.5709425
252,3.946656,-8.631659,2.467544,-0.13364752,0.04274366,0.5709425
253,3.946656,-8.631659,2.467544,-0.13364752,0.04274366,0.5709425
254,3.946656,-8.631659,2.467544,-0.13364752,0.04274366,0.5709425
255,3.946656,-8.631659,2.467544,-0.13364752,0.04274366,0.5709425
256,3.9205194,-8.653817,2.4313316,0.2829783,-0.5408591,-0.02287885
257,3.9205194,-8.653817,2.4313316,0.2829783,-0.5408591,-0.02287885
258,3.9205194,-8.653817,2.4313316,0.2829783,-0.5408591,-0.02287885
259,3.9205194,-8.653817,2.4313316,0.2829783,-0.5408591,-0.02287885
260,3.9205194,-8.653817,2.4313316,0.2829783,-0.5408591,-0.02287885
261,3.9205194,-8.653817,2.4313316,0.2829783,-0.5408591,-0.02287885
262,3.9206545,-8.682079,2.3281634,0.22685894,0.17720453,-2.4236906
263,3.9206545,-8.682079,2.3281634,0.22685894,0.17720453,-2.4236906
264,3.9206545,-8.682079,2.3281634,0.22685894,0.17720453,-2.4236906
265,3.9206545,-8.682079,2.3281634,0.22685894,0.17720453,-2.4236906
266,3.9206545,-8.682079,2.3281634,0.22685894,0.17720453,-2.4236906
267,3.9206545,-8.682079,2.3281634,0.22685894,0.17720453,-2.4236906
268,3.9250555,-8.707107,2.2249978,-0.14609979,-0.1553118,0.08641461
269,3.9250555,-8.707107,2.2249978,-0.14609979,-0.1553118,0.08641461
270,3.9250555,-8.707107,2.2249978,-0.14609979,-0.1553118,0.08641461
271,3.9250555,-8.707107,2.2249978,-0.14609979,-0.1553118,0.08641461
272,3.9250555,-8.707107,2.2249978,-0.14609979,-0.1553118,0.08641461
273,3.9250555,-8.707107,2.2249978,-0.14609979,-0.1553118,0.08641461
274,3.9325044,-8.731355,2.1140552,-0.075052,0.04039078,-0.021541106
275,3.9325044,-8.731355,2.1140552,-0.075052,0.04039078,-0.021541106
276,3.9325044,-8.731355,2.1140552,-0.075052,0.04039078,-0.021541106
277,3.9325044,-8.731355,2.1140552,-0.075052,0.04039078,-0.021541106
278,3.9325044,-8.731355,2.1140552,-0.075052,0.04039078,-0.021541106
279,3.9325044,-8.731355,2.1140552,-0.075052,0.04039078,-0.021541106
280,3.9499521,-8.752974,1.9883988,-0.2265413,0.5067766,0.16040742
281,3.9499521,-8.752974,1.9883988,-0.2265413,0.5067766,0.16040742
282,3.9499521,-8.752974,1.9883988,-0.2265413,0.5067766,0.16040742
283,3.9499521,-8.752974,1.9883988,-0.2265413,0.5067766,0.16040742
284,3.9499521,-8.752974,1.9883988,-0.2265413,0.5067766,0.16040742
285,3.9499521,-8.752974,1.9883988,-0.2265413,0.5067766,0.16040742
286,3.9644146,-8.771022,1.8769614,-0.13232537,0.17887653,0.53172934
287,3.9644146,-8.771022,1.8769614,-0.13232537,0.17887653,0.53172934
288,3.9644146,-8.771022,1.8769614,-0.13232537,0.17887653,0.53172934
289,3.9644146,-8.771022,1.8769614,-0.13232537,0.17887653,0.53172934
290,3.9644146,-8.771022,1.8769614,-0.13232537,0.17887653,0.53172934
291,3.9644146,-8.771022,1.8769614,-0.13232537,0.17887653,0.53172934
292,3.9835842,-8.78749,1.7554138,0.30893147,-0.39145508,-0.08152936
293,3.9835842,-8.78749,1.7554138,0.30893147,-0.39145508,-0.08152936
294,3.9835842,-8.78749,1.7554138,0.30893147,-0.39145508,-0.08152936
295,3.9835842,-8.78749,1.7554138,0.30893147,-0.39145508,-0.08152936
296,3.9835842,-8.78749,1.7554138,0.30893147,-0.39145508,-0.08152936
297,3.9835842,-8.78749,1.7554138,0.30893147,-0.39145508,-0.08152936
298,3.9758444,-8.806747,1.6745929,0.091419816,-0.07175092,-1.146047
299,3.9758444,-8.806747,1.6745929,0.091419816,-0.07175092,-1.146047
300,3.9758444,-8.806747,1.6745929,0.091419816,-0.07175092,-1.146047
301,3.9758444,-8.806747,1.6745929,0.091419816,-0.07175092,-1.146047
302,3.9758444,-8.806747,1.6745929,0.091419816,-0.07175092,-1.146047
303,3.9758444,-8.806747,1.6745929,0.091419816,-0.07175092,-1.146047
304,3.9744914,-8.822299,1.594003,-0.22159927,-0.09432514,0.035272118
305,3.9744914,-8.822299,1.594003,-0.22159927,-0.09432514,0.035272118
306,3.9744914,-8.822299,1.594003,-0.22159927,-0.09432514,0.035272118
307,3.9744914,-8.822299,1.594003,-0.22159927,-0.09432514,0.035272118
308,3.9744914,-8.822299,1.594003,-0.22159927,-0.09432514,0.035272118
309,3.9744914,-8.822299,1.594003,-0.22159927,-0.09432514,0.035272118
310,3.970183,-8.839199,1.5088362,-0.042900566,0.05721997,-0.09983109
311,3.970183,-8.839199,1.5088362,-0.042900566,0.05721997,-0.09983109
312,3.970183,-8.839199,1.5088362,-0.042900566,0.05721997,-0.09983109
313,3.970183,-8.839199,1.5088362,-0.042900566,0.05721997,-0.09983109
314,3.970183,-8.839199,1.5088362,-0.042900566,0.05721997,-0.09983109
315,3.970183,-8.839199,1.5088362,-0.042900566,0.05721997,-0.09983109
316,3.9808855,-8.848941,1.4209797,-0.0496194,0.10113341,-0.17419417
317,3.9808855,-8.848941,1.4209797,-0.0496194,0.10113341,-0.17419417
318,3.9808855,-8.848941,1.4209797,-0.0496194,0.10113341,-0.17419417
319,3.9808855,-8.848941,1.4209797,-0.0496194,0.10113341,-0.17419417
320,3.9808855,-8.848941,1.4209797,-0.0496194,0.10113341,-0.17419417
321,3.9808855,-8.848941,1.4209797,-0.0496194,0.10113341,-0.17419417
322,3.989907,-8.861472,1.3135303,0.16607045,0.17258501,-0.6054135
323,3.989907,-8.861472,1.3135303,0.16607045,0.17258501,-0.6054135
324,3.989907,-8.861472,1.3135303,0.16607045,0.17258501,-0.6054135
325,3.989907,-8.861472,1.3135303,0.16607045,0.17258501,-0.6054135
326,3.989907,-8.861472,1.3135303,0.16607045,0.17258501,-0.6054135
327,3.989907,-8.861472,1.3135303,0.16607045,0.17258501,-0.6054135
328,4.0056005,-8.868854,1.212018,0.27261472,-0.22109927,-0.13692138
329,4.0056005,-8.868854,1.212018,0.27261472,-0.22109927,-0.13692138
330,4.0056005,-8.868854,1.212018,0.27261472,-0.22109927,-0.13692138
331,4.0056005,-8.868854,1.212018,0.27261472,-0.22109927,-0.13692138
332,4.0056005,-8.868854,1.212018,0.27261472,-0.22109927,-0.13692138
333,4.0056005,-8.868854,1.212018,0.27261472,-0.22109927,-0.13692138
334,4.0510793,-8.860528,1.1181098,0.19817619,-0.57608587,-0.92552423
335,4.0510793,-8.860528,1.1181098,0.19817619,-0.57608587,-0.92552423
336,4.0510793,-8.860528,1.1181098,0.19817619,-0.57608587,-0.92552423
337,4.0510793,-8.860528,1.1181098,0.19817619,-0.57608587,-0.92552423
338,4.0510793,-8.860528,1.1181098,0.19817619,-0.57608587,-0.92552423
339,4.0510793,-8.860528,1.1181098,0.19817619,-0.57608587,-0.92552423
340,4.0510793,-8.860528,1.1181098,0.19817619,-0.57608587,-0.92552423
341,4.0853934,-8.855964,1.0256028,0.16164872,0.08577411,-0.27014264
342,4.0853934,-8.855964,1.0256028,0.16164872,0.08577411,-0.27014264
343,4.0853934,-8.855964,1.0256028,0.16164872,0.08577411,-0.27014264
344,4.0853934,-8.855964,1.0256028,0.16164872,0.08577411,-0.27014264
345,4.0853934,-8.855964,1.0256028,0.16164872,0.08577411,-0.27014264
346,4.1154895,-8.850331,0.95120203,0.059283957,-0.07961051,-0.017561981
347,4.1154895,-8.850331,0.95120203,0.059283957,-0.07961051,-0.017561981
348,4.1154895,-8.850331,0.95120203,0.059283957,-0.07961051,-0.017561981
349,4.1154895,-8.850331,0.95120203,0.059283957,-0.07961051,-0.017561981
350,4.1154895,-8.850331,0.95120203,0.059283957,-0.07961051,-0.017561981
351,4.1154895,-8.850331,0.95120203,0.059283957,-0.07961051,-0.017561981
352,4.157872,-8.837053,0.8882481,-0.088687286,0.1545734,-0.080600545
353,4.157872,-8.837053,0.8882481,-0.088687286,0.1545734,-0.080600545
354,4.157872,-8.837053,0.8882481,-0.088687286,0.1545734,-0.080600545
355,4.157872,-8.837053,0.8882481,-0.088687286,0.1545734,-0.080600545
356,4.157872,-8.837053,0.8882481,-0.088687286,0.1545734,-0.080600545
357,4.157872,-8.837053,0.8882481,-0.088687286,0.1545734,-0.080600545
358,4.1981897,-8.822893,0.8379471,0.102858365,0.14234965,-0.66170275
359,4.1981897,-8.822893,0.8379471,0.102858365,0.14234965,-0.66170275
360,4.1981897,-8.822893,0.8379471,0.102858365,0.14234965,-0.66170275
361,4.1981897,-8.822893,0.8379471,0.102858365,0.14234965,-0.66170275
362,4.1981897,-8.822893,0.8379471,0.102858365,0.14234965,-0.66170275
363,4.1981897,-8.822893,0.8379471,0.102858365,0.14234965,-0.66170275
364,4.2420244,-8.802758,0.8288971,0.2679163,-0.31052023,-0.09006739
365,4.2420244,-8.802758,0.8288971,0.2679163,-0.31052023,-0.09006739
366,4.2420244,-8.802758,0.8288971,0.2679163,-0.31052023,-0.09006739
367,4.2420244,-8.802758,0.8288971,0.2679163,-0.31052023,-0.09006739
368,4.2420244,-8.802758,0.8288971,0.2679163,-0.31052023,-0.09006739
369,4.2420244,-8.802758,0.8288971,0.2679163,-0.31052023,-0.09006739
370,4.276262,-8.788512,0.8037677,0.42369795,-0.44378757,-0.0037922345
371,4.276262,-8.788512,0.8037677,0.42369795,-0.44378757,-0.0037922345
372,4.276262,-8.788512,0.8037677,0.42369795,-0.44378757,-0.0037922345
373,4.276262,-8.788512,0.8037677,0.42369795,-0.44378757,-0.0037922345
374,4.276262,-8.788512,0.8037677,0.42369795,-0.44378757,-0.0037922345
375,4.276262,-8.788512,0.8037677,0.42369795,-0.44378757,-0.0037922345
376,4.314276,-8.7704,0.798428,-0.24895316,0.018838517,0.04789167
377,4.314276,-8.7704,0.798428,-0.24895316,0.018838517,0.04789167
378,4.314276,-8.7704,0.798428,-0.24895316,0.018838517,0.04789167
379,4.314276,-8.7704,0.798428,-0.24895316,0.018838517,0.04789167
380,4.314276,-8.7704,0.798428,-0.24895316,0.018838517,0.04789167
381,4.314276,-8.7704,0.798428,-0.24895316,0.018838517,0.04789167
382,4.355352,-8.751414,0.7836198,-0.03634131,0.0637279,-0.2254974
383,4.355352,-8.751414,0.7836198,-0.03634131,0.0637279,-0.2254974
384,4.355352,-8.751414,0.7836198,-0.03634131,0.0637279,-0.2254974
385,4.355352,-8.751414,0.7836198,-0.03634131,0.0637279,-0.2254974
386,4.355352,-8.751414,0.7836198,-0.03634131,0.0637279,-0.2254974
387,4.355352,-8.751414,0.7836198,-0.03634131,0.0637279,-0.2254974
388,4.3528495,-8.75338,0.77551365,-0.27528426,0.66146743,0.10510578
389,4.3528495,-8.75338,0.77551365,-0.27528426,0.66146743,0.10510578
390,4.3528495,-8.75338,0.77551365,-0.27528426,0.66146743,0.10510578
391,4.3528495,-8.75338,0.77551365,-0.27528426,0.66146743,0.10510578
392,4.3528495,-8.75338,0.77551365,-0.27528426,0.66146743,0.10510578
393,4.3528495,-8.75338,0.77551365,-0.27528426,0.66146743,0.10510578
394,4.3218694,-8.768137,0.78204155,-0.31553894,0.09960802,-0.28569633
395,4.3218694,-8.768137,0.78204155,-0.31553894,0.09960802,-0.28569633
396,4.3218694,-8.768137,0.78204155,-0.31553894,0.09960802,-0.28569633
397,4.3218694,-8.768137,0.78204155,-0.31553894,0.09960802,-0.28569633
398,4.3218694,-8.768137,0.78204155,-0.31553894,0.09960802,-0.28569633
399,4.3218694,-8.768137,0.78204155,-0.31553894,0.09960802,-0.28569633
400,4.2960587,-8.779824,0.79306746,0.32809317,-0.5112379,-0.27139333
401,4.2960587,-8.779824,0.79306746,0.32809317,-0.5112379,-0.27139333
402,4.2960587,-8.779824,0.79306746,0.32809317,-0.5112379,-0.27139333
403,4.2960587,-8.779824,0.79306746,0.32809317,-0.5112379,-0.27139333
404,4.2960587,-8.779824,0.79306746,0.32809317,-0.5112379,-0.27139333
405,4.2960587,-8.779824,0.79306746,0.32809317,-0.5112379,-0.27139333
406,4.2779193,-8.784859,0.8343008,0.19738194,0.3043758,-0.77971
407,4.2779193,-8.784859,0.8343008,0.19738194,0.3043758,-0.77971
408,4.2779193,-8.784859,0.8343008,0.19738194,0.3043758,-0.77971
409,4.2779193,-8.784859,0.8343008,0.19738194,0.3043758,-0.77971
410,4.2779193,-8.784859,0.8343008,0.19738194,0.3043758,-0.77971
411,4.2779193,-8.784859,0.8343008,0.19738194,0.3043758,-0.77971
412,4.243046,-8.798825,0.86465526,-0.059016056,-0.19687682,0.040975466
413,4.243046,-8.798825,0.86465526,-0.059016056,-0.19687682,0.040975466
414,4.243046,-8.798825,0.86465526,-0.059016056,-0.19687682,0.040975466
415,4.243046,-8.798825,0.86465526,-0.059016056,-0.19687682,0.040975466
416,4.243046,-8.798825,0.86465526,-0.059016056,-0.19687682,0.040975466
417,4.243046,-8.798825,0.86465526,-0.059016056,-0.19687682,0.040975466
418,4.2009172,-8.818249,0.8724563,-0.04036915,0.079368256,-0.11100905
419,4.2009172,-8.818249,0.8724563,-0.04036915,0.079368256,-0.11100905
420,4.2009172,-8.818249,0.8724563,-0.04036915,0.079368256,-0.11100905
421,4.2009172,-8.818249,0.8724563,-0.04036915,0.079368256,-0.11100905
422,4.2009172,-8.818249,0.8724563,-0.04036915,0.079368256,-0.11100905
423,4.2009172,-8.818249,0.8724563,-0.04036915,0.079368256,-0.11100905
424,4.148343,-8.838471,0.91818714,-0.038894795,-0.14722568,0.48134205
425,4.148343,-8.838471,0.91818714,-0.038894795,-0.14722568,0.48134205
426,4.148343,-8.838471,0.91818714,-0.038894795,-0.14722568,0.48134205
427,4.148343,-8.838471,0.91818714,-0.038894795,-0.14722568,0.48134205
428,4.148343,-8.838471,0.91818714,-0.038894795,-0.14722568,0.48134205
429,4.148343,-8.838471,0.91818714,-0.038894795,-0.14722568,0.48134205
430,4.1098824,-8.851264,0.96663046,-0.34691048,-0.035775326,0.12605196
431,4.1098824,-8.851264,0.96663046,-0.34691048,-0.035775326,0.12605196
432,4.1098824,-8.851264,0.96663046,-0.34691048,-0.035775326,0.12605196
433,4.1098824,-8.851264,0.96663046,-0.34691048,-0.035775326,0.12605196
434,4.1098824,-8.851264,0.96663046,-0.34691048,-0.035775326,0.12605196
435,4.1098824,-8.851264,0.96663046,-0.34691048,-0.035775326,0.12605196
436,4.051401,-8.875649,0.98964083,0.13621852,-0.026058251,-0.0038813741
437,4.051401,-8.875649,0.98964083,0.13621852,-0.026058251,-0.0038813741
438,4.051401,-8.875649,0.98964083,0.13621852,-0.026058251,-0.0038813741
439,4.051401,-8.875649,0.98964083,0.13621852,-0.026058251,-0.0038813741
440,4.051401,-8.875649,0.98964083,0.13621852,-0.026058251,-0.0038813741
441,4.051401,-8.875649,0.98964083,0.13621852,-0.026058251,-0.0038813741
442,3.9997714,-8.887016,1.0923263,0.033332713,0.27297327,-0.8349228
443,3.9997714,-8.887016,1.0923263,0.033332713,0.27297327,-0.8349228
444,3.9997714,-8.887016,1.0923263,0.033332713,0.27297327,-0.8349228
445,3.9997714,-8.887016,1.0923263,0.033332713,0.27297327,-0.8349228
446,3.9997714,-8.887016,1.0923263,0.033332713,0.27297327,-0.8349228
447,3.9997714,-8.887016,1.0923263,0.033332713,0.27297327,-0.8349228
448,3.9336195,-8.903621,1.19271,-0.1154518,0.1712172,0.42048922
449,3.9336195,-8.903621,1.19271,-0.1154518,0.1712172,0.42048922
450,3.9336195,-8.903621,1.19271,-0.1154518,0.1712172,0.42048922
451,3.9336195,-8.903621,1.19271,-0.1154518,0.1712172,0.42048922
452,3.9336195,-8.903621,1.19271,-0.1154518,0.1712172,0.42048922
453,3.9336195,-8.903621,1.19271,-0.1154518,0.1712172,0.42048922
454,3.8718543,-8.915073,1.304071,-0.049018957,-0.021779062,-0.072380885
455,3.8718543,-8.915073,1.304071,-0.049018957,-0.021779062,-0.072380885
456,3.8718543,-8.915073,1.304071,-0.049018957,-0.021779062,-0.072380885
457,3.8718543,-8.915073,1.304071,-0.049018957,-0.021779062,-0.072380885
458,3.8718543,-8.915073,1.304071,-0.049018957,-0.021779062,-0.072380885
459,3.8718543,-8.915073,1.304071,-0.049018957,-0.021779062,-0.072380885
460,3.8518996,-8.909861,1.3955765,-0.3185396,0.2711327,-0.11040019
461,3.8518996,-8.909861,1.3955765,-0.3185396,0.2711327,-0.11040019
462,3.8518996,-8.909861,1.3955765,-0.3185396,0.2711327,-0.11040019
463,3.8518996,-8.909861,1.3955765,-0.3185396,0.2711327,-0.11040019
464,3.8518996,-8.909861,1.3955765,-0.3185396,0.2711327,-0.11040019
465,3.8518996,-8.909861,1.3955765,-0.3185396,0.2711327,-0.11040019
466,3.834241,-8.903482,1.4822263,-0.13924937,0.024797086,-0.02688591
467,3.834241,-8.903482,1.4822263,-0.13924937,0.024797086,-0.02688591
468,3.834241,-8.903482,1.4822263,-0.13924937,0.024797086,-0.02688591
469,3.834241,-8.903482,1.4822263,-0.13924937,0.024797086,-0.02688591
470,3.834241,-8.903482,1.4822263,-0.13924937,0.024797086,-0.02688591
471,3.834241,-8.903482,1.4822263,-0.13924937,0.024797086,-0.02688591
472,3.830927,-8.881551,1.6163014,0.24016564,-0.3288025,-0.16306975
473,3.830927,-8.881551,1.6163014,0.24016564,-0.3288025,-0.16306975
474,3.830927,-8.881551,1.6163014,0.24016564,-0.3288025,-0.16306975
475,3.830927,-8.881551,1.6163014,0.24016564,-0.3288025,-0.16306975
476,3.830927,-8.881551,1.6163014,0.24016564,-0.3288025,-0.16306975
477,3.830927,-8.881551,1.6163014,0.24016564,-0.3288025,-0.16306975
478,3.8039544,-8.87887,1.6929209,0.058278248,-0.06592378,-0.05958904
479,3.8039544,-8.87887,1.6929209,0.058278248,-0.06592378,-0.05958904
480,3.8039544,-8.87887,1.6929209,0.058278248,-0.06592378,-0.05958904
481,3.8039544,-8.87887,1.6929209,0.058278248,-0.06592378,-0.05958904
482,3.8039544,-8.87887,1.6929209,0.058278248,-0.06592378,-0.05958904
483,3.8039544,-8.87887,1.6929209,0.058278248,-0.06592378,-0.05958904
484,3.7774167,-8.874121,1.7752415,-0.16700698,-0.39052367,0.014697861
485,3.7774167,-8.874121,1.7752415,-0.16700698,-0.39052367,0.014697861
486,3.7774167,-8.874121,1.7752415,-0.16700698,-0.39052367,0.014697861
487,3.7774167,-8.874121,1.7752415,-0.16700698,-0.39052367,0.014697861
488,3.7774167,-8.874121,1.7752415,-0.16700698,-0.39052367,0.014697861
489,3.7774167,-8.874121,1.7752415,-0.16700698,-0.39052367,0.014697861
490,3.7385907,-8.871398,1.8685896,-0.488239,0.31263825,0.054964654
491,3.7385907,-8.871398,1.8685896,-0.488239,0.31263825,0.054964654
492,3.7385907,-8.871398,1.8685896,-0.488239,0.31263825,0.054964654
493,3.7385907,-8.871398,1.8685896,-0.488239,0.31263825,0.054964654
494,3.7385907,-8.871398,1.8685896,-0.488239,0.31263825,0.054964654
495,3.7385907,-8.871398,1.8685896,-0.488239,0.31263825,0.054964654
496,3.6813726,-8.875561,1.9601812,-0.07282907,0.17456566,-0.014285161
497,3.6813726,-8.875561,1.9601812,-0.07282907,0.17456566,-0.014285161
498,3.6813726,-8.875561,1.9601812,-0.07282907,0.17456566,-0.014285161
499,3.6813726,-8.875561,1.9601812,-0.07282907,0.17456566,-0.014285161
500,3.6813726,-8.875561,1.9601812,-0.07282907,0.17456566,-0.014285161
501,3.6813726,-8.875561,1.9601812,-0.07282907,0.17456566,-0.014285161
502,3.620689,-8.870855,2.0901964,0.416909,-0.5434587,-0.07083216
503,3.620689,-8.870855,2.0901964,0.416909,-0.5434587,-0.07083216
504,3.620689,-8.870855,2.0901964,0.416909,-0.5434587,-0.07083216
505,3.620689,-8.870855,2.0901964,0.416909,-0.5434587,-0.07083216
506,3.620689,-8.870855,2.0901964,0.416909,-0.5434587,-0.07083216
507,3.620689,-8.870855,2.0901964,0.416909,-0.5434587,-0.07083216
508,3.5468547,-8.880271,2.1750813,0.06477398,-0.05679242,-3.4213812
509,3.5468547,-8.880271,2.1750813,0.06477398,-0.05679242,-3.4213812
510,3.5468547,-8.880271,2.1750813,0.06477398,-0.05679242,-3.4213812
511,3.5468547,-8.880271,2.1750813,0.06477398,-0.05679242,-3.4213812
512,3.5468547,-8.880271,2.1750813,0.06477398,-0.05679242,-3.4213812
513,3.5468547,-8.880271,2.1750813,0.06477398,-0.05679242,-3.4213812
514,3.4907072,-8.89122,2.2207124,-0.06493051,-0.27365503,0.15773056
515,3.4907072,-8.89122,2.2207124,-0.06493051,-0.27365503,0.15773056
516,3.4907072,-8.89122,2.2207124,-0.06493051,-0.27365503,0.15773056
517,3.4907072,-8.89122,2.2207124,-0.06493051,-0.27365503,0.15773056
518,3.4907072,-8.89122,2.2207124,-0.06493051,-0.27365503,0.15773056
519,3.4907072,-8.89122,2.2207124,-0.06493051,-0.27365503,0.15773056
520,3.4472475,-8.896578,2.2666633,-0.38517052,0.30274978,0.038433656
521,3.4472475,-8.896578,2.2666633,-0.38517052,0.30274978,0.038433656
522,3.4472475,-8.896578,2.2666633,-0.38517052,0.30274978,0.038433656
523,3.4472475,-8.896578,2.2666633,-0.38517052,0.30274978,0.038433656
524,3.4472475,-8.896578,2.2666633,-0.38517052,0.30274978,0.038433656
525,3.4472475,-8.896578,2.2666633,-0.38517052,0.30274978,0.038433656
526,3.4163089,-8.904409,2.2826984,-0.11400413,0.20676912,-0.62767196
527,3.4163089,-8.904409,2.2826984,-0.11400413,0.20676912,-0.62767196
528,3.4163089,-8.904409,2.2826984,-0.11400413,0.20676912,-0.62767196
529,3.4163089,-8.904409,2.2826984,-0.11400413,0.20676912,-0.62767196
530,3.4163089,-8.904409,2.2826984,-0.11400413,0.20676912,-0.62767196
531,3.4163089,-8.904409,2.2826984,-0.11400413,0.20676912,-0.62767196
532,3.3819451,-8.9093075,2.3145323,0.33936778,-0.17836407,0.01109774
533,3.3819451,-8.9093075,2.3145323,0.33936778,-0.17836407,0.01109774
534,3.3819451,-8.9093075,2.3145323,0.33936778,-0.17836407,0.01109774
535,3.3819451,-8.9093075,2.3145323,0.33936778,-0.17836407,0.01109774
536,3.3819451,-8.9093075,2.3145323,0.33936778,-0.17836407,0.01109774
537,3.3819451,-8.9093075,2.3145323,0.33936778,-0.17836407,0.01109774
538,3.3425379,-8.920831,2.3273575,0.49252346,-0.70865446,-1.2937883
539,3.3425379,-8.920831,2.3273575,0.49252346,-0.70865446,-1.2937883
540,3.3425379,-8.920831,2.3273575,0.49252346,-0.70865446,-1.2937883
541,3.3425379,-8.920831,2.3273575,0.49252346,-0.70865446,-1.2937883
542,3.3425379,-8.920831,2.3273575,0.49252346,-0.70865446,-1.2937883
543,3.3425379,-8.920831,2.3273575,0.49252346,-0.70865446,-1.2937883
544,3.311345,-8.930118,2.3363159,-0.17937256,-0.17853293,0.17097916
545,3.311345,-8.930118,2.3363159,-0.17937256,-0.17853293,0.17097916
546,3.311345,-8.930118,2.3363159,-0.17937256,-0.17853293,0.17097916
547,3.311345,-8.930118,2.3363159,-0.17937256,-0.17853293,0.17097916
548,3.311345,-8.930118,2.3363159,-0.17937256,-0.17853293,0.17097916
549,3.311345,-8.930118,2.3363159,-0.17937256,-0.17853293,0.17097916
550,3.2813478,-8.938786,2.3454778,-0.25857624,0.11735686,0.063063644
551,3.2813478,-8.938786,2.3454778,-0.25857624,0.11735686,0.063063644
552,3.2813478,-8.938786,2.3454778,-0.25857624,0.11735686,0.063063644
553,3.2813478,-8.938786,2.3454778,-0.25857624,0.11735686,0.063063644
554,3.2813478,-8.938786,2.3454778,-0.25857624,0.11735686,0.063063644
555,3.2813478,-8.938786,2.3454778,-0.25857624,0.11735686,0.063063644
556,3.2621112,-8.949466,2.331543,-0.12728198,0.38131416,-0.36594483
557,3.2621112,-8.949466,2.331543,-0.12728198,0.38131416,-0.36594483
558,3.2621112,-8.949466,2.331543,-0.12728198,0.38131416,-0.36594483
559,3.2621112,-8.949466,2.331543,-0.12728198,0.38131416,-0.36594483
560,3.2621112,-8.949466,2.331543,-0.12728198,0.38131416,-0.36594483
561,3.2621112,-8.949466,2.331543,-0.12728198,0.38131416,-0.36594483
562,3.2231114,-8.956955,2.3568854,0.23531623,-0.06168066,0.022248682
563,3.2231114,-8.956955,2.3568854,0.23531623,-0.06168066,0.022248682
564,3.2231114,-8.956955,2.3568854,0.23531623,-0.06168066,0.022248682
565,3.2231114,-8.956955,2.3568854,0.23531623,-0.06168066,0.022248682
566,3.2231114,-8.956955,2.3568854,0.23531623,-0.06168066,0.022248682
567,3.2231114,-8.956955,2.3568854,0.23531623,-0.06168066,0.022248682
568,3.1888006,-8.9672985,2.3642123,-0.002964216,-0.5396226,-1.2675782
569,3.1888006,-8.9672985,2.3642123,-0.002964216,-0.5396226,-1.2675782
570,3.1888006,-8.9672985,2.3642123,-0.002964216,-0.5396226,-1.2675782
571,3.1888006,-8.9672985,2.3642123,-0.002964216,-0.5396226,-1.2675782
572,3.1888006,-8.9672985,2.3642123,-0.002964216,-0.5396226,-1.2675782
573,3.1888006,-8.9672985,2.3642123,-0.002964216,-0.5396226,-1.2675782
574,3.1978114,-8.965808,2.3576872,-0.022546474,0.12631702,-0.026969125
575,3.1978114,-8.965808,2.3576872,-0.022546474,0.12631702,-0.026969125
576,3.1978114,-8.965808,2.3576872,-0.022546474,0.12631702,-0.026969125
577,3.1978114,-8.965808,2.3576872,-0.022546474,0.12631702,-0.026969125
578,3.1978114,-8.965808,2.3576872,-0.022546474,0.12631702,-0.026969125
579,3.1978114,-8.965808,2.3576872,-0.022546474,0.12631702,-0.026969125
580,3.219516,-8.967341,2.3220453,0.014810241,0.015846936,-0.09600963
581,3.219516,-8.967341,2.3220453,0.014810241,0.015846936,-0.09600963
582,3.219516,-8.967341,2.3220453,0.014810241,0.015846936,-0.09600963
583,3.219516,-8.967341,2.3220453,0.014810241,0.015846936,-0.09600963
584,3.219516,-8.967341,2.3220453,0.014810241,0.015846936,-0.09600963
585,3.219516,-8.967341,2.3220453,0.014810241,0.015846936,-0.09600963
586,3.2263498,-8.969767,2.3031151,-0.28175464,0.530072,0.29352823
587,3.2263498,-8.969767,2.3031151,-0.28175464,0.530072,0.29352823
588,3.2263498,-8.969767,2.3031151,-0.28175464,0.530072,0.29352823
589,3.2263498,-8.969767,2.3031151,-0.28175464,0.530072,0.29352823
590,3.2263498,-8.969767,2.3031151,-0.28175464,0.530072,0.29352823
591,3.2263498,-8.969767,2.3031151,-0.28175464,0.530072,0.29352823
592,3.2225459,-8.968716,2.3125155,-0.035644766,-0.006258281,-0.0945405
593,3.2225459,-8.968716,2.3125155,-0.035644766,-0.006258281,-0.0945405
594,3.2225459,-8.968716,2.3125155,-0.035644766,-0.006258281,-0.0945405
595,3.2225459,-8.968716,2.3125155,-0.035644766,-0.006258281,-0.0945405
596,3.2225459,-8.968716,2.3125155,-0.035644766,-0.006258281,-0.0945405
597,3.2225459,-8.968716,2.3125155,-0.035644766,-0.006258281,-0.0945405
598,3.2334158,-8.961458,2.3254414,0.1319102,-0.4477499,-0.26259848
599,3.2334158,-8.961458,2.3254414,0.1319102,-0.4477499,-0.26259848
600,3.2334158,-8.961458,2.3254414,0.1319102,-0.4477499,-0.26259848
601,3.2334158,-8.961458,2.3254414,0.1319102,-0.4477499,-0.26259848
602,3.2334158,-8.961458,2.3254414,0.1319102,-0.4477499,-0.26259848
603,3.2334158,-8.961458,2.3254414,0.1319102,-0.4477499,-0.26259848
604,3.2934287,-8.9482975,2.2916572,0.29471236,-0.479112,-0.09032124
605,3.2934287,-8.9482975,2.2916572,0.29471236,-0.479112,-0.09032124
606,3.2934287,-8.9482975,2.2916572,0.29471236,-0.479112,-0.09032124
607,3.2934287,-8.9482975,2.2916572,0.29471236,-0.479112,-0.09032124
608,3.2934287,-8.9482975,2.2916572,0.29471236,-0.479112,-0.09032124
609,3.2934287,-8.9482975,2.2916572,0.29471236,-0.479112,-0.09032124
610,3.330982,-8.941021,2.2656317,0.05985261,-0.16451284,0.09787843
611,3.330982,-8.941021,2.2656317,0.05985261,-0.16451284,0.09787843
612,3.330982,-8.941021,2.2656317,0.05985261,-0.16451284,0.09787843
613,3.330982,-8.941021,2.2656317,0.05985261,-0.16451284,0.09787843
614,3.330982,-8.941021,2.2656317,0.05985261,-0.16451284,0.09787843
615,3.330982,-8.941021,2.2656317,0.05985261,-0.16451284,0.09787843
616,3.38548,-8.921757,2.260791,-0.15131472,0.2157393,0.14033903
617,3.38548,-8.921757,2.260791,-0.15131472,0.2157393,0.14033903
618,3.38548,-8.921757,2.260791,-0.15131472,0.2157393,0.14033903
619,3.38548,-8.921757,2.260791,-0.15131472,0.2157393,0.14033903
620,3.38548,-8.921757,2.260791,-0.15131472,0.2157393,0.14033903
621,3.4087532,-8.930244,2.1912382,0.4324016,0.17387252,-0.349984
622,3.4087532,-8.930244,2.1912382,0.4324016,0.17387252,-0.349984
623,3.4087532,-8.930244,2.1912382,0.4324016,0.17387252,-0.349984
624,3.4087532,-8.930244,2.1912382,0.4324016,0.17387252,-0.349984
625,3.4087532,-8.930244,2.1912382,0.4324016,0.17387252,-0.349984
626,3.4087532,-8.930244,2.1912382,0.4324016,0.17387252,-0.349984
627,3.4087532,-8.930244,2.1912382,0.4324016,0.17387252,-0.349984
628,3.456161,-8.929552,2.1185944,0.035516273,-0.23216787,0.097533345
629,3.456161,-8.929552,2.1185944,0.035516273,-0.23216787,0.097533345
630,3.456161,-8.929552,2.1185944,0.035516273,-0.23216787,0.097533345
631,3.456161,-8.929552,2.1185944,0.035516273,-0.23216787,0.097533345
632,3.456161,-8.929552,2.1185944,0.035516273,-0.23216787,0.097533345
633,3.456161,-8.929552,2.1185944,0.035516273,-0.23216787,0.097533345
634,3.503743,-8.926159,2.0537407,0.2434221,-0.30503908,0.055290032
635,3.503743,-8.926159,2.0537407,0.2434221,-0.30503908,0.055290032
636,3.503743,-8.926159,2.0537407,0.2434221,-0.30503908,0.055290032
637,3.503743,-8.926159,2.0537407,0.2434221,-0.30503908,0.055290032
638,3.503743,-8.926159,2.0537407,0.2434221,-0.30503908,0.055290032
639,3.503743,-8.926159,2.0537407,0.2434221,-0.30503908,0.055290032
640,3.505003,-8.937422,2.0019593,-0.17818008,0.17997447,-0.82176024
641,3.505003,-8.937422,2.0019593,-0.17818008,0.17997447,-0.82176024
642,3.505003,-8.937422,2.0019593,-0.17818008,0.17997447,-0.82176024
643,3.505003,-8.937422,2.0019593,-0.17818008,0.17997447,-0.82176024
644,3.505003,-8.937422,2.0019593,-0.17818008,0.17997447,-0.82176024
645,3.505003,-8.937422,2.0019593,-0.17818008,0.17997447,-0.82176024
646,3.5033047,-8.953309,1.9327422,0.089133374,0.2520603,0.21037899
647,3.5033047,-8.953309,1.9327422,0.089133374,0.2520603,0.21037899
648,3.5033047,-8.953309,1.9327422,0.089133374,0.2520603,0.21037899
649,3.5033047,-8.953309,1.9327422,0.089133374,0.2520603,0.21037899
650,3.5033047,-8.953309,1.9327422,0.089133374,0.2520603,0.21037899
651,3.5033047,-8.953309,1.9327422,0.089133374,0.2520603,0.21037899
652,3.4837594,-8.983353,1.8257031,-0.06661498,0.019584056,0.068653174
653,3.4837594,-8.983353,1.8257031,-0.06661498,0.019584056,0.068653174
654,3.4837594,-8.983353,1.8257031,-0.06661498,0.019584056,0.068653174
655,3.4837594,-8.983353,1.8257031,-0.06661498,0.019584056,0.068653174
656,3.4837594,-8.983353,1.8257031,-0.06661498,0.019584056,0.068653174
657,3.4837594,-8.983353,1.8257031,-0.06661498,0.019584056,0.068653174
658,3.5104039,-8.987881,1.7508435,-0.38263747,0.2041177,0.038568966
659,3.5104039,-8.987881,1.7508435,-0.38263747,0.2041177,0.038568966
660,3.5104039,-8.987881,1.7508435,-0.38263747,0.2041177,0.038568966
661,3.5104039,-8.987881,1.7508435,-0.38263747,0.2041177,0.038568966
662,3.5104039,-8.987881,1.7508435,-0.38263747,0.2041177,0.038568966
663,3.5104039,-8.987881,1.7508435,-0.38263747,0.2041177,0.038568966
664,3.505685,-9.00412,1.6752288,-0.113191344,0.0413847,0.18168832
665,3.505685,-9.00412,1.6752288,-0.113191344,0.0413847,0.18168832
666,3.505685,-9.00412,1.6752288,-0.113191344,0.0413847,0.18168832
667,3.505685,-9.00412,1.6752288,-0.113191344,0.0413847,0.18168832
668,3.505685,-9.00412,1.6752288,-0.113191344,0.0413847,0.18168832
669,3.505685,-9.00412,1.6752288,-0.113191344,0.0413847,0.18168832
670,3.5236459,-9.003696,1.6394385,0.2879169,-0.5760366,-0.30616924
671,3.5236459,-9.003696,1.6394385,0.2879169,-0.5760366,-0.30616924
672,3.5236459,-9.003696,1.6394385,0.2879169,-0.5760366,-0.30616924
673,3.5236459,-9.003696,1.6394385,0.2879169,-0.5760366,-0.30616924
674,3.5236459,-9.003696,1.6394385,0.2879169,-0.5760366,-0.30616924
675,3.5236459,-9.003696,1.6394385,0.2879169,-0.5760366,-0.30616924
676,3.5370378,-9.000179,1.6298839,0.24535176,-0.37799177,-0.1162906
677,3.5370378,-9.000179,1.6298839,0.24535176,-0.37799177,-0.1162906
678,3.5370378,-9.000179,1.6298839,0.24535176,-0.37799177,-0.1162906
679,3.5370378,-9.000179,1.6298839,0.24535176,-0.37799177,-0.1162906
680,3.5370378,-9.000179,1.6298839,0.24535176,-0.37799177,-0.1162906
681,3.5370378,-9.000179,1.6298839,0.24535176,-0.37799177,-0.1162906
682,3.557907,-8.996326,1.6055529,-0.07125945,-0.35368145,-0.08460282
683,3.557907,-8.996326,1.6055529,-0.07125945,-0.35368145,-0.08460282
684,3.557907,-8.996326,1.6055529,-0.07125945,-0.35368145,-0.08460282
685,3.557907,-8.996326,1.6055529,-0.07125945,-0.35368145,-0.08460282
686,3.557907,-8.996326,1.6055529,-0.07125945,-0.35368145,-0.08460282
687,3.557907,-8.996326,1.6055529,-0.07125945,-0.35368145,-0.08460282
688,3.5753562,-8.982324,1.6447134,-0.16271056,0.06996469,-0.014227415
689,3.5753562,-8.982324,1.6447134,-0.16271056,0.06996469,-0.014227415
690,3.5753562,-8.982324,1.6447134,-0.16271056,0.06996469,-0.014227415
691,3.5753562,-8.982324,1.6447134,-0.16271056,0.06996469,-0.014227415
692,3.5753562,-8.982324,1.6447134,-0.16271056,0.06996469,-0.014227415
693,3.6010692,-8.9665165,1.6745936,-0.17619723,0.27902457,0.6277599
694,3.6010692,-8.9665165,1.6745936,-0.17619723,0.27902457,0.6277599
695,3.6010692,-8.9665165,1.6745936,-0.17619723,0.27902457,0.6277599
696,3.6010692,-8.9665165,1.6745936,-0.17619723,0.27902457,0.6277599
697,3.6010692,-8.9665165,1.6745936,-0.17619723,0.27902457,0.6277599
698,3.6010692,-8.9665165,1.6745936,-0.17619723,0.27902457,0.6277599
699,3.6010692,-8.9665165,1.6745936,-0.17619723,0.27902457,0.6277599
700,3.6427116,-8.943964,1.7048619,0.0027925596,-0.0042232894,0.035346087
701,3.6427116,-8.943964,1.7048619,0.0027925596,-0.0042232894,0.035346087
702,3.6427116,-8.943964,1.7048619,0.0027925596,-0.0042232894,0.035346087
703,3.6427116,-8.943964,1.7048619,0.0027925596,-0.0042232894,0.035346087
704,3.6427116,-8.943964,1.7048619,0.0027925596,-0.0042232894,0.035346087
705,3.6427116,-8.943964,1.7048619,0.0027925596,-0.0042232894,0.035346087
706,3.6829755,-8.943117,1.6207241,0.2270364,-0.47565526,-0.37446046
707,3.6829755,-8.943117,1.6207241,0.2270364,-0.47565526,-0.37446046
708,3.6829755,-8.943117,1.6207241,0.2270364,-0.47565526,-0.37446046
709,3.6829755,-8.943117,1.6207241,0.2270364,-0.47565526,-0.37446046
710,3.6829755,-8.943117,1.6207241,0.2270364,-0.47565526,-0.37446046
711,3.6829755,-8.943117,1.6207241,0.2270364,-0.47565526,-0.37446046
712,3.7476814,-8.934356,1.517417,0.20336924,-0.09500929,-0.05551422
713,3.7476814,-8.934356,1.517417,0.20336924,-0.09500929,-0.05551422
714,3.7476814,-8.934356,1.517417,0.20336924,-0.09500929,-0.05551422
715,3.7476814,-8.934356,1.517417,0.20336924,-0.09500929,-0.05551422
716,3.7476814,-8.934356,1.517417,0.20336924,-0.09500929,-0.05551422
717,3.7476814,-8.934356,1.517417,0.20336924,-0.09500929,-0.05551422
718,3.8126721,-8.917872,1.4510242,0.18558848,-0.17972526,0.045591135
719,3.8126721,-8.917872,1.4510242,0.18558848,-0.17972526,0.045591135
720,3.8126721,-8.917872,1.4510242,0.18558848,-0.17972526,0.045591135
721,3.8126721,-8.917872,1.4510242,0.18558848,-0.17972526,0.045591135
722,3.8126721,-8.917872,1.4510242,0.18558848,-0.17972526,0.045591135
723,3.8126721,-8.917872,1.4510242,0.18558848,-0.17972526,0.045591135
724,3.8599286,-8.903578,1.4133793,-0.094164886,0.43773192,-0.17301647
725,3.8599286,-8.903578,1.4133793,-0.094164886,0.43773192,-0.17301647
726,3.8599286,-8.903578,1.4133793,-0.094164886,0.43773192,-0.17301647
727,3.8599286,-8.903578,1.4133793,-0.094164886,0.43773192,-0.17301647
728,3.8599286,-8.903578,1.4133793,-0.094164886,0.43773192,-0.17301647
729,3.8599286,-8.903578,1.4133793,-0.094164886,0.43773192,-0.17301647
730,3.8818035,-8.895539,1.4040569,-0.11438827,-0.009049309,0.44789064
731,3.8818035,-8.895539,1.4040569,-0.11438827,-0.009049309,0.44789064
732,3.8818035,-8.895539,1.4040569,-0.11438827,-0.009049309,0.44789064
733,3.8818035,-8.895539,1.4040569,-0.11438827,-0.009049309,0.44789064
734,3.8818035,-8.895539,1.4040569,-0.11438827,-0.009049309,0.44789064
735,3.8818035,-8.895539,1.4040569,-0.11438827,-0.009049309,0.44789064
736,3.8948064,-8.885313,1.4325095,0.37407508,-0.5268722,-0.15105373
737,3.8948064,-8.885313,1.4325095,0.37407508,-0.5268722,-0.15105373
738,3.8948064,-8.885313,1.4325095,0.37407508,-0.5268722,-0.15105373
739,3.8948064,-8.885313,1.4325095,0.37407508,-0.5268722,-0.15105373
740,3.8948064,-8.885313,1.4325095,0.37407508,-0.5268722,-0.15105373
741,3.8948064,-8.885313,1.4325095,0.37407508,-0.5268722,-0.15105373
742,3.8895125,-8.875959,1.503143,-0.036968537,0.63823354,0.6332241
743,3.8895125,-8.875959,1.503143,-0.036968537,0.63823354,0.6332241
744,3.8895125,-8.875959,1.503143,-0.036968537,0.63823354,0.6332241
745,3.8895125,-8.875959,1.503143,-0.036968537,0.63823354,0.6332241
746,3.8895125,-8.875959,1.503143,-0.036968537,0.63823354,0.6332241
747,3.8895125,-8.875959,1.503143,-0.036968537,0.63823354,0.6332241
748,3.8836467,-8.866118,1.5746777,-0.107854895,-0.32234824,0.07527997
749,3.8836467,-8.866118,1.5746777,-0.107854895,-0.32234824,0.07527997
750,3.8836467,-8.866118,1.5746777,-0.107854895,-0.32234824,0.07527997
751,3.8836467,-8.866118,1.5746777,-0.107854895,-0.32234824,0.07527997
752,3.8836467,-8.866118,1.5746777,-0.107854895,-0.32234824,0.07527997
753,3.8836467,-8.866118,1.5746777,-0.107854895,-0.32234824,0.07527997
754,3.8602195,-8.868399,1.6188309,-0.29475015,0.21532108,-0.069093995
755,3.8602195,-8.868399,1.6188309,-0.29475015,0.21532108,-0.069093995
756,3.8602195,-8.868399,1.6188309,-0.29475015,0.21532108,-0.069093995
757,3.8602195,-8.868399,1.6188309,-0.29475015,0.21532108,-0.069093995
758,3.8602195,-8.868399,1.6188309,-0.29475015,0.21532108,-0.069093995
759,3.8602195,-8.868399,1.6188309,-0.29475015,0.21532108,-0.069093995
760,3.8269882,-8.87602,1.6555399,0.1138307,0.24871223,-0.38311428
761,3.8269882,-8.87602,1.6555399,0.1138307,0.24871223,-0.38311428
762,3.8269882,-8.87602,1.6555399,0.1138307,0.24871223,-0.38311428
763,3.8269882,-8.87602,1.6555399,0.1138307,0.24871223,-0.38311428
764,3.8269882,-8.87602,1.6555399,0.1138307,0.24871223,-0.38311428
765,3.8269882,-8.87602,1.6555399,0.1138307,0.24871223,-0.38311428
766,3.8099353,-8.870972,1.7206528,0.36347115,-0.45756248,-0.045047402
767,3.8099353,-8.870972,1.7206528,0.36347115,-0.45756248,-0.045047402
768,3.8099353,-8.870972,1.7206528,0.36347115,-0.45756248,-0.045047402
769,3.8099353,-8.870972,1.7206528,0.36347115,-0.45756248,-0.045047402
770,3.8099353,-8.870972,1.7206528,0.36347115,-0.45756248,-0.045047402
771,3.8099353,-8.870972,1.7206528,0.36347115,-0.45756248,-0.045047402
772,3.7928352,-8.875301,1.7360367,0.3778358,-0.17001645,-1.4116632
773,3.7928352,-8.875301,1.7360367,0.3778358,-0.17001645,-1.4116632
774,3.7928352,-8.875301,1.7360367,0.3778358,-0.17001645,-1.4116632
775,3.7928352,-8.875301,1.7360367,0.3778358,-0.17001645,-1.4116632
776,3.7928352,-8.875301,1.7360367,0.3778358,-0.17001645,-1.4116632
777,3.7928352,-8.875301,1.7360367,0.3778358,-0.17001645,-1.4116632
778,3.7783098,-8.877315,1.7572817,-0.040982474,-0.25173676,0.06265473
779,3.7783098,-8.877315,1.7572817,-0.040982474,-0.25173676,0.06265473
780,3.7783098,-8.877315,1.7572817,-0.040982474,-0.25173676,0.06265473
781,3.7783098,-8.877315,1.7572817,-0.040982474,-0.25173676,0.06265473
782,3.7783098,-8.877315,1.7572817,-0.040982474,-0.25173676,0.06265473
783,3.7783098,-8.877315,1.7572817,-0.040982474,-0.25173676,0.06265473
784,3.7344847,-8.886983,1.8015442,-0.055700265,0.15534109,-0.028503656
785,3.7344847,-8.886983,1.8015442,-0.055700265,0.15534109,-0.028503656
786,3.7344847,-8.886983,1.8015442,-0.055700265,0.15534109,-0.028503656
787,3.7344847,-8.886983,1.8015442,-0.055700265,0.15534109,-0.028503656
788,3.7344847,-8.886983,1.8015442,-0.055700265,0.15534109,-0.028503656
789,3.7344847,-8.886983,1.8015442,-0.055700265,0.15534109,-0.028503656
790,3.7159119,-8.886294,1.8428648,-0.29432887,0.47854286,0.31690022
791,3.7159119,-8.886294,1.8428648,-0.29432887,0.47854286,0.31690022
792,3.7159119,-8.886294,1.8428648,-0.29432887,0.47854286,0.31690022
793,3.7159119,-8.886294,1.8428648,-0.29432887,0.47854286,0.31690022
794,3.7159119,-8.886294,1.8428648,-0.29432887,0.47854286,0.31690022
795,3.7159119,-8.886294,1.8428648,-0.29432887,0.47854286,0.31690022
796,3.7043304,-8.881702,1.8877699,0.23604685,-0.0730461,0.037395272
797,3.7043304,-8.881702,1.8877699,0.23604685,-0.0730461,0.037395272
798,3.7043304,-8.881702,1.8877699,0.23604685,-0.0730461,0.037395272
799,3.7043304,-8.881702,1.8877699,0.23604685,-0.0730461,0.037395272
800,3.7043304,-8.881702,1.8877699,0.23604685,-0.0730461,0.037395272
801,3.7043304,-8.881702,1.8877699,0.23604685,-0.0730461,0.037395272
802,3.697248,-8.8854885,1.8838384,0.15478605,-0.44781566,-0.2622195
803,3.697248,-8.8854885,1.8838384,0.15478605,-0.44781566,-0.2622195
804,3.697248,-8.8854885,1.8838384,0.15478605,-0.44781566,-0.2622195
805,3.697248,-8.8854885,1.8838384,0.15478605,-0.44781566,-0.2622195
806,3.697248,-8.8854885,1.8838384,0.15478605,-0.44781566,-0.2622195
807,3.697248,-8.8854885,1.8838384,0.15478605,-0.44781566,-0.2622195
808,3.7048988,-8.881517,1.8875288,0.35618088,-0.24484347,0.02907275
809,3.7048988,-8.881517,1.8875288,0.35618088,-0.24484347,0.02907275
810,3.7048988,-8.881517,1.8875288,0.35618088,-0.24484347,0.02907275
811,3.7048988,-8.881517,1.8875288,0.35618088,-0.24484347,0.02907275
812,3.7048988,-8.881517,1.8875288,0.35618088,-0.24484347,0.02907275
813,3.7048988,-8.881517,1.8875288,0.35618088,-0.24484347,0.02907275
814,3.7157257,-8.878122,1.882211,0.07954757,-0.11856393,0.074901514
815,3.7157257,-8.878122,1.882211,0.07954757,-0.11856393,0.074901514
816,3.7157257,-8.878122,1.882211,0.07954757,-0.11856393,0.074901514
817,3.7157257,-8.878122,1.882211,0.07954757,-0.11856393,0.074901514
818,3.7157257,-8.878122,1.882211,0.07954757,-0.11856393,0.074901514
819,3.7175772,-8.870467,1.9143747,-0.26731282,0.2458615,-0.010168479
820,3.7175772,-8.870467,1.9143747,-0.26731282,0.2458615,-0.010168479
821,3.7175772,-8.870467,1.9143747,-0.26731282,0.2458615,-0.010168479
822,3.7175772,-8.870467,1.9143747,-0.26731282,0.2458615,-0.010168479
823,3.7175772,-8.870467,1.9143747,-0.26731282,0.2458615,-0.010168479
824,3.695651,-8.868419,1.9656317,0.037475877,0.13185154,-0.06839835
825,3.695651,-8.868419,1.9656317,0.037475877,0.13185154,-0.06839835
826,3.695651,-8.868419,1.9656317,0.037475877,0.13185154,-0.06839835
827,3.695651,-8.868419,1.9656317,0.037475877,0.13185154,-0.06839835
828,3.695651,-8.868419,1.9656317,0.037475877,0.13185154,-0.06839835
829,3.695651,-8.868419,1.9656317,0.037475877,0.13185154,-0.06839835
830,3.6765697,-8.855621,2.0569892,0.23565757,-0.49992797,-0.08202702
831,3.6765697,-8.855621,2.0569892,0.23565757,-0.49992797,-0.08202702
832,3.6765697,-8.855621,2.0569892,0.23565757,-0.49992797,-0.08202702
833,3.6765697,-8.855621,2.0569892,0.23565757,-0.49992797,-0.08202702
834,3.6765697,-8.855621,2.0569892,0.23565757,-0.49992797,-0.08202702
835,3.6765697,-8.855621,2.0569892,0.23565757,-0.49992797,-0.08202702
836,3.6478484,-8.836322,2.1870093,-0.31493422,0.56173515,-2.928634
837,3.6478484,-8.836322,2.1870093,-0.31493422,0.56173515,-2.928634
838,3.6478484,-8.836322,2.1870093,-0.31493422,0.56173515,-2.928634
839,3.6478484,-8.836322,2.1870093,-0.31493422,0.56173515,-2.928634
840,3.6478484,-8.836322,2.1870093,-0.31493422,0.56173515,-2.928634
841,3.6478484,-8.836322,2.1870093,-0.31493422,0.56173515,-2.928634
842,3.6274412,-8.811697,2.3164718,-0.19791466,-0.13668656,0.06547612
843,3.6274412,-8.811697,2.3164718,-0.19791466,-0.13668656,0.06547612
844,3.6274412,-8.811697,2.3164718,-0.19791466,-0.13668656,0.06547612
845,3.6274412,-8.811697,2.3164718,-0.19791466,-0.13668656,0.06547612
846,3.6274412,-8.811697,2.3164718,-0.19791466,-0.13668656,0.06547612
847,3.6274412,-8.811697,2.3164718,-0.19791466,-0.13668656,0.06547612
848,3.5978756,-8.802681,2.3955116,0.01188931,-0.05181183,-0.009446236
849,3.5978756,-8.802681,2.3955116,0.01188931,-0.05181183,-0.009446236
850,3.5978756,-8.802681,2.3955116,0.01188931,-0.05181183,-0.009446236
851,3.5978756,-8.802681,2.3955116,0.01188931,-0.05181183,-0.009446236
852,3.5978756,-8.802681,2.3955116,0.01188931,-0.05181183,-0.009446236
853,3.5978756,-8.802681,2.3955116,0.01188931,-0.05181183,-0.009446236
854,3.6105666,-8.794902,2.4049754,-0.2938408,0.6611397,0.36004466
855,3.6105666,-8.794902,2.4049754,-0.2938408,0.6611397,0.36004466
856,3.6105666,-8.794902,2.4049754,-0.2938408,0.6611397,0.36004466
857,3.6105666,-8.794902,2.4049754,-0.2938408,0.6611397,0.36004466
858,3.6105666,-8.794902,2.4049754,-0.2938408,0.6611397,0.36004466
859,3.6105666,-8.794902,2.4049754,-0.2938408,0.6611397,0.36004466
860,3.6260722,-8.785265,2.4168353,-0.32935688,0.15057836,0.017621271
861,3.6260722,-8.785265,2.4168353,-0.32935688,0.15057836,0.017621271
862,3.6260722,-8.785265,2.4168353,-0.32935688,0.15057836,0.017621271
863,3.6260722,-8.785265,2.4168353,-0.32935688,0.15057836,0.017621271
864,3.6260722,-8.785265,2.4168353,-0.32935688,0.15057836,0.017621271
865,3.6260722,-8.785265,2.4168353,-0.32935688,0.15057836,0.017621271
866,3.6536853,-8.772357,2.4221315,0.27774322,-0.4787493,-0.0350433
867,3.6536853,-8.772357,2.4221315,0.27774322,-0.4787493,-0.0350433
868,3.6536853,-8.772357,2.4221315,0.27774322,-0.4787493,-0.0350433
869,3.6536853,-8.772357,2.4221315,0.27774322,-0.4787493,-0.0350433
870,3.6536853,-8.772357,2.4221315,0.27774322,-0.4787493,-0.0350433
871,3.6536853,-8.772357,2.4221315,0.27774322,-0.4787493,-0.0350433
872,3.6582675,-8.763765,2.4461963,-0.80149823,0.97328985,-2.456077
873,3.6582675,-8.763765,2.4461963,-0.80149823,0.97328985,-2.456077
874,3.6582675,-8.763765,2.4461963,-0.80149823,0.97328985,-2.456077
875,3.6582675,-8.763765,2.4461963,-0.80149823,0.97328985,-2.456077
876,3.6582675,-8.763765,2.4461963,-0.80149823,0.97328985,-2.456077
877,3.6582675,-8.763765,2.4461963,-0.80149823,0.97328985,-2.456077
878,3.6448324,-8.76361,2.4667277,-0.2185951,0.024411825,0.1008054
879,3.6448324,-8.76361,2.4667277,-0.2185951,0.024411825,0.1008054
880,3.6448324,-8.76361,2.4667277,-0.2185951,0.024411825,0.1008054
881,3.6448324,-8.76361,2.4667277,-0.2185951,0.024411825,0.1008054
882,3.6448324,-8.76361,2.4667277,-0.2185951,0.024411825,0.1008054
883,3.6448324,-8.76361,2.4667277,-0.2185951,0.024411825,0.1008054
884,3.615016,-8.736365,2.6034524,0.0502451,-0.0011215637,0.15769672
885,3.615016,-8.736365,2.6034524,0.0502451,-0.0011215637,0.15769672
886,3.615016,-8.736365,2.6034524,0.0502451,-0.0011215637,0.15769672
887,3.615016,-8.736365,2.6034524,0.0502451,-0.0011215637,0.15769672
888,3.615016,-8.736365,2.6034524,0.0502451,-0.0011215637,0.15769672
889,3.615016,-8.736365,2.6034524,0.0502451,-0.0011215637,0.15769672
890,3.5562975,-8.71377,2.7556012,0.04084273,0.07391073,0.17174193
891,3.5562975,-8.71377,2.7556012,0.04084273,0.07391073,0.17174193
892,3.5562975,-8.71377,2.7556012,0.04084273,0.07391073,0.17174193
893,3.5562975,-8.71377,2.7556012,0.04084273,0.07391073,0.17174193
894,3.5562975,-8.71377,2.7556012,0.04084273,0.07391073,0.17174193
895,3.5562975,-8.71377,2.7556012,0.04084273,0.07391073,0.17174193
896,3.4918587,-8.696851,2.8882685,-0.26884484,0.33482406,0.33804536
897,3.4918587,-8.696851,2.8882685,-0.26884484,0.33482406,0.33804536
898,3.4918587,-8.696851,2.8882685,-0.26884484,0.33482406,0.33804536
899,3.4918587,-8.696851,2.8882685,-0.26884484,0.33482406,0.33804536
900,3.4918587,-8.696851,2.8882685,-0.26884484,0.33482406,0.33804536
901,3.4918587,-8.696851,2.8882685,-0.26884484,0.33482406,0.33804536
902,3.4348598,-8.706034,2.9286675,0.16220702,0.20112087,0.21037267
903,3.4348598,-8.706034,2.9286675,0.16220702,0.20112087,0.21037267
904,3.4348598,-8.706034,2.9286675,0.16220702,0.20112087,0.21037267
905,3.4348598,-8.706034,2.9286675,0.16220702,0.20112087,0.21037267
906,3.4348598,-8.706034,2.9286675,0.16220702,0.20112087,0.21037267
907,3.4348598,-8.706034,2.9286675,0.16220702,0.20112087,0.21037267
908,3.3995156,-8.715942,2.9404125,0.06439815,0.109321594,0.055373404
909,3.3995156,-8.715942,2.9404125,0.06439815,0.109321594,0.055373404
910,3.3995156,-8.715942,2.9404125,0.06439815,0.109321594,0.055373404
911,3.3995156,-8.715942,2.9404125,0.06439815,0.109321594,0.055373404
912,3.3995156,-8.715942,2.9404125,0.06439815,0.109321594,0.055373404
913,3.3995156,-8.715942,2.9404125,0.06439815,0.109321594,0.055373404
914,3.363948,-8.73136,2.935573,0.027580727,0.0028054162,0.05976123
915,3.363948,-8.73136,2.935573,0.027580727,0.0028054162,0.05976123
916,3.363948,-8.73136,2.935573,0.027580727,0.0028054162,0.05976123
917,3.363948,-8.73136,2.935573,0.027580727,0.0028054162,0.05976123
918,3.363948,-8.73136,2.935573,0.027580727,0.0028054162,0.05976123
919,3.363948,-8.73136,2.935573,0.027580727,0.0028054162,0.05976123
920,3.3555293,-8.7605715,2.8571324,-0.009397896,0.12576115,0.18941341
921,3.3555293,-8.7605715,2.8571324,-0.009397896,0.12576115,0.18941341
922,3.3555293,-8.7605715,2.8571324,-0.009397896,0.12576115,0.18941341
923,3.3555293,-8.7605715,2.8571324,-0.009397896,0.12576115,0.18941341
924,3.3555293,-8.7605715,2.8571324,-0.009397896,0.12576115,0.18941341
925,3.3555293,-8.7605715,2.8571324,-0.009397896,0.12576115,0.18941341
926,3.3545942,-8.783585,2.7867038,0.031508364,0.09803334,0.22079518
927,3.3545942,-8.783585,2.7867038,0.031508364,0.09803334,0.22079518
928,3.3545942,-8.783585,2.7867038,0.031508364,0.09803334,0.22079518
929,3.3545942,-8.783585,2.7867038,0.031508364,0.09803334,0.22079518
930,3.3545942,-8.783585,2.7867038,0.031508364,0.09803334,0.22079518
931,3.3545942,-8.783585,2.7867038,0.031508364,0.09803334,0.22079518
932,3.3597295,-8.800336,2.7270284,-0.028006187,0.045073796,0.29085785
933,3.3597295,-8.800336,2.7270284,-0.028006187,0.045073796,0.29085785
934,3.3597295,-8.800336,2.7270284,-0.028006187,0.045073796,0.29085785
935,3.3597295,-8.800336,2.7270284,-0.028006187,0.045073796,0.29085785
936,3.3597295,-8.800336,2.7270284,-0.028006187,0.045073796,0.29085785
937,3.3597295,-8.800336,2.7270284,-0.028006187,0.045073796,0.29085785
938,3.3694456,-8.813627,2.671557,0.03887963,0.23359527,0.23248695
939,3.3694456,-8.813627,2.671557,0.03887963,0.23359527,0.23248695
940,3.3694456,-8.813627,2.671557,0.03887963,0.23359527,0.23248695
941,3.3694456,-8.813627,2.671557,0.03887963,0.23359527,0.23248695
942,3.3694456,-8.813627,2.671557,0.03887963,0.23359527,0.23248695
943,3.3694456,-8.813627,2.671557,0.03887963,0.23359527,0.23248695
944,3.3841374,-8.843591,2.5512536,-0.0689603,0.08361857,0.28514278
945,3.3841374,-8.843591,2.5512536,-0.0689603,0.08361857,0.28514278
946,3.3841374,-8.843591,2.5512536,-0.0689603,0.08361857,0.28514278
947,3.3841374,-8.843591,2.5512536,-0.0689603,0.08361857,0.28514278
948,3.3841374,-8.843591,2.5512536,-0.0689603,0.08361857,0.28514278
949,3.3841374,-8.843591,2.5512536,-0.0689603,0.08361857,0.28514278
950,3.4144075,-8.863009,2.4411614,-0.009253411,0.07382926,0.2665986
951,3.4144075,-8.863009,2.4411614,-0.009253411,0.07382926,0.2665986
952,3.4144075,-8.863009,2.4411614,-0.009253411,0.07382926,0.2665986
953,3.4144075,-8.863009,2.4411614,-0.009253411,0.07382926,0.2665986
954,3.4144075,-8.863009,2.4411614,-0.009253411,0.07382926,0.2665986
955,3.4144075,-8.863009,2.4411614,-0.009253411,0.07382926,0.2665986
956,3.4452584,-8.882335,2.3248034,-0.022704447,0.062097028,0.3108706
957,3.4452584,-8.882335,2.3248034,-0.022704447,0.062097028,0.3108706
958,3.4452584,-8.882335,2.3248034,-0.022704447,0.062097028,0.3108706
959,3.4452584,-8.882335,2.3248034,-0.022704447,0.062097028,0.3108706
960,3.4452584,-8.882335,2.3248034,-0.022704447,0.062097028,0.3108706
961,3.4452584,-8.882335,2.3248034,-0.022704447,0.062097028,0.3108706
962,3.4794753,-8.900061,2.2028499,-0.06998037,0.06273067,0.2823313
963,3.4794753,-8.900061,2.2028499,-0.06998037,0.06273067,0.2823313
964,3.4794753,-8.900061,2.2028499,-0.06998037,0.06273067,0.2823313
965,3.4794753,-8.900061,2.2028499,-0.06998037,0.06273067,0.2823313
966,3.4794753,-8.900061,2.2028499,-0.06998037,0.06273067,0.2823313
967,3.4794753,-8.900061,2.2028499,-0.06998037,0.06273067,0.2823313
968,3.503351,-8.921397,2.0749922,-0.026056841,0.061043806,0.24098727
969,3.503351,-8.921397,2.0749922,-0.026056841,0.061043806,0.24098727
